/*******************************************************************************
 * Size: 16 px
 * Bpp: 4
 * Opts: --bpp 4 --size 16 --font C:/Users/manht/SquareLine/assets/SF-Pro.ttf -o C:/Users/manht/SquareLine/assets\ui_font_SFProT16.c --format lvgl -r 0x20-0x7f --symbols ABCDEFGHIJKLMNOPQRSTUVWXYZabcdefghijklmnopqrstuvwxyzÀÁẢÃẠĂẰẮẲẴẶÂẦẤẨẪẬÈÉẺẼẸÊỀẾỂỄỆÌÍỈĨỊÒÓỎÕỌÔỒỐỔỖỘƠỜỚỞỠỢÙÚỦŨỤƯỪỨỬỮỰỲÝỶỸỴĐàáảãạăằắẳẵặâầấẩẫậèéẻẽẹêềếểễệìíỉĩịòóỏõọôồốổỗộơờớởỡợùúủũụưừứửữựỳýỷỹỵđ --no-compress --no-prefilter
 ******************************************************************************/

#include "../ui.h"

#ifndef UI_FONT_SFPROT16
#define UI_FONT_SFPROT16 1
#endif

#if UI_FONT_SFPROT16

/*-----------------
 *    BITMAPS
 *----------------*/

/*Store the image of the glyphs*/
static LV_ATTRIBUTE_LARGE_CONST const uint8_t glyph_bitmap[] = {
    /* U+0020 " " */

    /* U+0021 "!" */
    0x8d, 0x8, 0xd0, 0x8c, 0x8, 0xc0, 0x8c, 0x7,
    0xc0, 0x7c, 0x2, 0x30, 0x0, 0x5, 0x80, 0x8d,
    0x0,

    /* U+0022 "\"" */
    0x9a, 0x3f, 0x8, 0x92, 0xf0, 0x89, 0x1f, 0x6,
    0x71, 0xc0,

    /* U+0023 "#" */
    0x0, 0xb, 0x60, 0xf, 0x20, 0x0, 0xe, 0x30,
    0x2f, 0x0, 0x0, 0x1f, 0x0, 0x5c, 0x0, 0x2f,
    0xff, 0xff, 0xff, 0xf9, 0x1, 0x9b, 0x11, 0xc8,
    0x10, 0x0, 0xa6, 0x0, 0xe3, 0x0, 0x0, 0xd3,
    0x1, 0xf0, 0x0, 0xdf, 0xff, 0xef, 0xfe, 0xc0,
    0x16, 0xf1, 0x1a, 0xc1, 0x10, 0x7, 0xb0, 0xb,
    0x70, 0x0, 0xa, 0x80, 0xe, 0x40, 0x0,

    /* U+0024 "$" */
    0x0, 0x0, 0xa4, 0x0, 0x0, 0x5, 0xcf, 0xfa,
    0x20, 0x5, 0xf9, 0xe9, 0xce, 0x10, 0xba, 0xa,
    0x40, 0xf7, 0xb, 0xb0, 0xa4, 0x0, 0x0, 0x5f,
    0xbf, 0x60, 0x0, 0x0, 0x4b, 0xff, 0xc4, 0x0,
    0x0, 0xa, 0x9b, 0xf4, 0x1, 0x0, 0xa4, 0xd,
    0x90, 0xf8, 0xa, 0x40, 0xd9, 0x7, 0xf7, 0xd8,
    0x9f, 0x20, 0x6, 0xcf, 0xfb, 0x30, 0x0, 0x0,
    0xa4, 0x0, 0x0,

    /* U+0025 "%" */
    0x5, 0xee, 0x50, 0x0, 0xd, 0x60, 0x0, 0xe2,
    0x2f, 0x0, 0x8, 0xb0, 0x0, 0x3d, 0x0, 0xd3,
    0x3, 0xe1, 0x0, 0x3, 0xd0, 0xd, 0x30, 0xd6,
    0x0, 0x0, 0xe, 0x33, 0xe0, 0x8c, 0x0, 0x0,
    0x0, 0x4d, 0xd4, 0x2f, 0x20, 0x0, 0x0, 0x0,
    0x0, 0xc, 0x70, 0x6d, 0xd5, 0x0, 0x0, 0x7,
    0xc0, 0x2f, 0x12, 0xf0, 0x0, 0x2, 0xf2, 0x4,
    0xc0, 0xe, 0x20, 0x0, 0xc7, 0x0, 0x2e, 0x1,
    0xf0, 0x0, 0x7c, 0x0, 0x0, 0x7d, 0xd5, 0x0,

    /* U+0026 "&" */
    0x0, 0x2b, 0xfe, 0x70, 0x0, 0x0, 0xd, 0xb2,
    0x5f, 0x50, 0x0, 0x1, 0xf4, 0x0, 0xc8, 0x0,
    0x0, 0xc, 0xa0, 0x4f, 0x30, 0x0, 0x0, 0x2f,
    0xfe, 0x40, 0x12, 0x0, 0x1b, 0xff, 0x80, 0x8,
    0xc0, 0xd, 0xb1, 0x3f, 0x70, 0xaa, 0x4, 0xf2,
    0x0, 0x4f, 0x7e, 0x60, 0x4f, 0x20, 0x0, 0x5f,
    0xf1, 0x0, 0xdc, 0x20, 0x17, 0xff, 0x60, 0x1,
    0x9e, 0xfe, 0xa2, 0x6f, 0x50,

    /* U+0027 "'" */
    0x9a, 0x89, 0x89, 0x67,

    /* U+0028 "(" */
    0x0, 0x97, 0x3, 0xe0, 0xa, 0x90, 0xf, 0x50,
    0x4f, 0x10, 0x6f, 0x0, 0x7e, 0x0, 0x7e, 0x0,
    0x6f, 0x0, 0x4f, 0x10, 0xf, 0x50, 0xa, 0x90,
    0x4, 0xf0, 0x0, 0xa7,

    /* U+0029 ")" */
    0x5c, 0x0, 0xd, 0x60, 0x7, 0xd0, 0x2, 0xf3,
    0x0, 0xf6, 0x0, 0xd8, 0x0, 0xba, 0x0, 0xb9,
    0x0, 0xd8, 0x0, 0xf6, 0x2, 0xf3, 0x7, 0xd0,
    0xd, 0x60, 0x5c, 0x0,

    /* U+002A "*" */
    0x0, 0x3a, 0x0, 0xd, 0xad, 0xc5, 0x2, 0xff,
    0x80, 0xd, 0xad, 0xc5, 0x0, 0x3a, 0x0,

    /* U+002B "+" */
    0x0, 0x0, 0xc7, 0x0, 0x0, 0x0, 0xc, 0x70,
    0x0, 0x0, 0x0, 0xc7, 0x0, 0x1, 0xff, 0xff,
    0xff, 0xfc, 0x3, 0x33, 0xfa, 0x33, 0x20, 0x0,
    0xc, 0x70, 0x0, 0x0, 0x0, 0xc7, 0x0, 0x0,
    0x0, 0x6, 0x30, 0x0,

    /* U+002C "," */
    0xb, 0x33, 0xf1, 0x6c, 0x9, 0x70,

    /* U+002D "-" */
    0x0, 0x0, 0x0, 0xf, 0xff, 0xfe, 0x3, 0x33,
    0x33,

    /* U+002E "." */
    0x9, 0x40, 0xe6,

    /* U+002F "/" */
    0x0, 0xe, 0x50, 0x2, 0xf2, 0x0, 0x6e, 0x0,
    0x9, 0xa0, 0x0, 0xd7, 0x0, 0x1f, 0x30, 0x4,
    0xf0, 0x0, 0x8c, 0x0, 0xb, 0x80, 0x0, 0xf5,
    0x0, 0x3f, 0x10, 0x6, 0xd0, 0x0, 0xaa, 0x0,
    0xe, 0x60, 0x0,

    /* U+0030 "0" */
    0x0, 0x3b, 0xfe, 0x91, 0x0, 0x3f, 0xa4, 0x5d,
    0xd0, 0xb, 0xc0, 0x0, 0x1f, 0x60, 0xf6, 0x0,
    0x0, 0xac, 0x3f, 0x30, 0x0, 0x7, 0xe4, 0xf2,
    0x0, 0x0, 0x7f, 0x3f, 0x30, 0x0, 0x7, 0xe0,
    0xf6, 0x0, 0x0, 0xac, 0xb, 0xc0, 0x0, 0x1f,
    0x60, 0x3f, 0xa3, 0x5d, 0xd0, 0x0, 0x3b, 0xfe,
    0x91, 0x0,

    /* U+0031 "1" */
    0x0, 0x2c, 0xf2, 0x6, 0xfc, 0xf2, 0x3e, 0x53,
    0xf2, 0x11, 0x3, 0xf2, 0x0, 0x3, 0xf2, 0x0,
    0x3, 0xf2, 0x0, 0x3, 0xf2, 0x0, 0x3, 0xf2,
    0x0, 0x3, 0xf2, 0x0, 0x3, 0xf2, 0x0, 0x3,
    0xf2,

    /* U+0032 "2" */
    0x0, 0x6d, 0xfe, 0x80, 0x0, 0x8f, 0x73, 0x6f,
    0xa0, 0xf, 0x60, 0x0, 0x5f, 0x10, 0x41, 0x0,
    0x4, 0xf1, 0x0, 0x0, 0x0, 0xbb, 0x0, 0x0,
    0x0, 0x8e, 0x20, 0x0, 0x0, 0x8f, 0x30, 0x0,
    0x0, 0x8e, 0x30, 0x0, 0x0, 0x8e, 0x30, 0x0,
    0x0, 0x8f, 0x63, 0x33, 0x31, 0x1f, 0xff, 0xff,
    0xff, 0x50,

    /* U+0033 "3" */
    0x0, 0x6d, 0xfe, 0x91, 0x0, 0x7f, 0x73, 0x5d,
    0xd0, 0xe, 0x80, 0x0, 0x4f, 0x30, 0x0, 0x0,
    0x3, 0xf2, 0x0, 0x0, 0x3, 0xd9, 0x0, 0x0,
    0xcf, 0xf9, 0x0, 0x0, 0x2, 0x24, 0xbd, 0x10,
    0x0, 0x0, 0x0, 0xe8, 0x2d, 0x30, 0x0, 0xe,
    0x80, 0xbe, 0x63, 0x5b, 0xf2, 0x0, 0x8d, 0xfe,
    0xa2, 0x0,

    /* U+0034 "4" */
    0x0, 0x0, 0xb, 0xfa, 0x0, 0x0, 0x0, 0x6f,
    0xda, 0x0, 0x0, 0x1, 0xe7, 0xba, 0x0, 0x0,
    0x9, 0xc0, 0xba, 0x0, 0x0, 0x3f, 0x30, 0xba,
    0x0, 0x0, 0xd8, 0x0, 0xba, 0x0, 0x7, 0xe0,
    0x0, 0xba, 0x0, 0x2f, 0x40, 0x0, 0xba, 0x0,
    0x6f, 0xff, 0xff, 0xff, 0xf3, 0x12, 0x22, 0x22,
    0xcb, 0x20, 0x0, 0x0, 0x0, 0xba, 0x0,

    /* U+0035 "5" */
    0x5, 0xff, 0xff, 0xff, 0x20, 0x6d, 0x33, 0x33,
    0x30, 0x8, 0xb0, 0x0, 0x0, 0x0, 0x9a, 0x0,
    0x0, 0x0, 0xb, 0x9a, 0xee, 0xb3, 0x0, 0xcf,
    0x73, 0x4c, 0xf3, 0x5, 0x30, 0x0, 0xd, 0xa0,
    0x0, 0x0, 0x0, 0xac, 0xe, 0x80, 0x0, 0xd,
    0x90, 0x7f, 0x84, 0x4b, 0xf2, 0x0, 0x6d, 0xfe,
    0xa2, 0x0,

    /* U+0036 "6" */
    0x0, 0x2a, 0xef, 0xc4, 0x0, 0x2e, 0xb4, 0x4a,
    0xf4, 0xa, 0xb0, 0x0, 0x9, 0x80, 0xf5, 0x0,
    0x0, 0x0, 0x3f, 0x5b, 0xef, 0xc5, 0x4, 0xff,
    0x83, 0x3a, 0xf5, 0x3f, 0xd0, 0x0, 0xb, 0xd1,
    0xf7, 0x0, 0x0, 0x7f, 0xc, 0xd0, 0x0, 0xb,
    0xc0, 0x3f, 0xc4, 0x4b, 0xf4, 0x0, 0x3b, 0xff,
    0xb3, 0x0,

    /* U+0037 "7" */
    0x6f, 0xff, 0xff, 0xff, 0x1, 0x33, 0x33, 0x39,
    0xe0, 0x0, 0x0, 0x0, 0xe6, 0x0, 0x0, 0x0,
    0x8e, 0x0, 0x0, 0x0, 0x1f, 0x60, 0x0, 0x0,
    0x8, 0xd0, 0x0, 0x0, 0x1, 0xf5, 0x0, 0x0,
    0x0, 0x9d, 0x0, 0x0, 0x0, 0x2f, 0x50, 0x0,
    0x0, 0xa, 0xc0, 0x0, 0x0, 0x2, 0xf4, 0x0,
    0x0, 0x0,

    /* U+0038 "8" */
    0x0, 0x5c, 0xfe, 0xa2, 0x0, 0x6f, 0x93, 0x5c,
    0xe1, 0xd, 0xa0, 0x0, 0x1f, 0x60, 0xc9, 0x0,
    0x0, 0xf6, 0x5, 0xf5, 0x12, 0xad, 0x0, 0x6,
    0xff, 0xfd, 0x20, 0x8, 0xe7, 0x34, 0x9f, 0x32,
    0xf4, 0x0, 0x0, 0xac, 0x3f, 0x40, 0x0, 0xa,
    0xd0, 0xce, 0x73, 0x49, 0xf6, 0x0, 0x8d, 0xff,
    0xb4, 0x0,

    /* U+0039 "9" */
    0x0, 0x4c, 0xfe, 0xa2, 0x0, 0x5, 0xfa, 0x44,
    0xae, 0x10, 0xe, 0xa0, 0x0, 0xb, 0xa0, 0x1f,
    0x50, 0x0, 0xe, 0xf0, 0xf, 0x80, 0x0, 0xf,
    0xf1, 0x9, 0xf6, 0x1, 0x9b, 0xf2, 0x0, 0x9f,
    0xff, 0x85, 0xf1, 0x0, 0x0, 0x21, 0x9, 0xe0,
    0x8, 0x70, 0x0, 0x1e, 0x80, 0x6, 0xf8, 0x45,
    0xde, 0x10, 0x0, 0x4c, 0xfe, 0xa1, 0x0,

    /* U+003A ":" */
    0x9, 0x40, 0xe6, 0x0, 0x0, 0x0, 0x0, 0x0,
    0x0, 0x9, 0x40, 0xe6,

    /* U+003B ";" */
    0x9, 0x40, 0xe6, 0x0, 0x0, 0x0, 0x0, 0x0,
    0x0, 0xb, 0x33, 0xf1, 0x6c, 0x9, 0x70,

    /* U+003C "<" */
    0x0, 0x0, 0x0, 0x28, 0x90, 0x0, 0x16, 0xcf,
    0x93, 0x5, 0xbf, 0xb5, 0x0, 0x0, 0xfb, 0x10,
    0x0, 0x0, 0x7, 0xde, 0x83, 0x0, 0x0, 0x0,
    0x39, 0xed, 0x71, 0x0, 0x0, 0x0, 0x5b, 0xa0,
    0x0, 0x0, 0x0, 0x0,

    /* U+003D "=" */
    0x0, 0x0, 0x0, 0x0, 0x0, 0xff, 0xff, 0xff,
    0xfb, 0x3, 0x33, 0x33, 0x33, 0x20, 0x0, 0x0,
    0x0, 0x0, 0x0, 0x0, 0x0, 0x0, 0x0, 0xff,
    0xff, 0xff, 0xfb, 0x3, 0x33, 0x33, 0x33, 0x20,

    /* U+003E ">" */
    0xc, 0x61, 0x0, 0x0, 0x0, 0x6c, 0xfa, 0x40,
    0x0, 0x0, 0x2, 0x7d, 0xe9, 0x20, 0x0, 0x0,
    0x4, 0xff, 0x0, 0x0, 0x4a, 0xfb, 0x40, 0x39,
    0xed, 0x71, 0x0, 0xe, 0x93, 0x0, 0x0, 0x0,
    0x0, 0x0, 0x0, 0x0,

    /* U+003F "?" */
    0x4, 0xcf, 0xea, 0x10, 0x2f, 0xa3, 0x5e, 0xc0,
    0x7d, 0x0, 0x6, 0xf1, 0x0, 0x0, 0x7, 0xf0,
    0x0, 0x0, 0x6f, 0x70, 0x0, 0x9, 0xe5, 0x0,
    0x0, 0xf, 0x60, 0x0, 0x0, 0x19, 0x20, 0x0,
    0x0, 0x0, 0x0, 0x0, 0x0, 0x19, 0x20, 0x0,
    0x0, 0x2e, 0x40, 0x0,

    /* U+0040 "@" */
    0x0, 0x1, 0x7c, 0xef, 0xea, 0x40, 0x0, 0x0,
    0x3e, 0xa4, 0x11, 0x27, 0xea, 0x0, 0x2, 0xf6,
    0x0, 0x0, 0x0, 0x1d, 0x90, 0xa, 0xa0, 0xa,
    0xed, 0x9e, 0x2, 0xf2, 0xf, 0x30, 0x9c, 0x0,
    0xce, 0x0, 0xd6, 0x2f, 0x0, 0xe5, 0x0, 0x5e,
    0x0, 0xb7, 0x2f, 0x0, 0xe6, 0x0, 0x6e, 0x0,
    0xc6, 0x1f, 0x20, 0x9c, 0x11, 0xcf, 0x23, 0xf1,
    0xc, 0x80, 0xa, 0xed, 0x46, 0xed, 0x40, 0x3,
    0xf4, 0x0, 0x0, 0x0, 0x0, 0x0, 0x0, 0x6f,
    0x93, 0x0, 0x2, 0x0, 0x0, 0x0, 0x2, 0x9e,
    0xff, 0xfd, 0x0, 0x0, 0x0, 0x0, 0x0, 0x1,
    0x0, 0x0, 0x0,

    /* U+0041 "A" */
    0x0, 0x0, 0xcf, 0x0, 0x0, 0x0, 0x2, 0xff,
    0x50, 0x0, 0x0, 0x8, 0xc9, 0xb0, 0x0, 0x0,
    0xe, 0x63, 0xf1, 0x0, 0x0, 0x5f, 0x10, 0xd7,
    0x0, 0x0, 0xba, 0x0, 0x7d, 0x0, 0x1, 0xf4,
    0x0, 0x2f, 0x40, 0x7, 0xff, 0xff, 0xff, 0xa0,
    0xd, 0xb2, 0x22, 0x29, 0xf0, 0x3f, 0x30, 0x0,
    0x1, 0xf6, 0x9d, 0x0, 0x0, 0x0, 0xac,

    /* U+0042 "B" */
    0xff, 0xff, 0xfd, 0x50, 0xf, 0xb3, 0x34, 0xaf,
    0x30, 0xe7, 0x0, 0x0, 0xe8, 0xe, 0x70, 0x0,
    0xe, 0x80, 0xe7, 0x0, 0x19, 0xe1, 0xf, 0xff,
    0xff, 0xe5, 0x0, 0xfa, 0x22, 0x36, 0xe9, 0xe,
    0x70, 0x0, 0x5, 0xf1, 0xe7, 0x0, 0x0, 0x6f,
    0x1f, 0xb3, 0x33, 0x6e, 0xc0, 0xff, 0xff, 0xfe,
    0x91, 0x0,

    /* U+0043 "C" */
    0x0, 0x7, 0xdf, 0xeb, 0x40, 0x0, 0x1d, 0xf8,
    0x46, 0xbf, 0x60, 0xa, 0xf2, 0x0, 0x0, 0x8f,
    0x11, 0xf7, 0x0, 0x0, 0x0, 0x72, 0x3f, 0x30,
    0x0, 0x0, 0x0, 0x5, 0xf2, 0x0, 0x0, 0x0,
    0x0, 0x3f, 0x30, 0x0, 0x0, 0x0, 0x0, 0xf7,
    0x0, 0x0, 0x0, 0x62, 0xa, 0xf2, 0x0, 0x0,
    0x8f, 0x10, 0x1d, 0xe8, 0x46, 0xbf, 0x60, 0x0,
    0x7, 0xdf, 0xeb, 0x30, 0x0,

    /* U+0044 "D" */
    0xef, 0xff, 0xec, 0x60, 0x0, 0xe9, 0x33, 0x48,
    0xfb, 0x0, 0xe7, 0x0, 0x0, 0x3f, 0x80, 0xe7,
    0x0, 0x0, 0x9, 0xe0, 0xe7, 0x0, 0x0, 0x5,
    0xf1, 0xe7, 0x0, 0x0, 0x4, 0xf2, 0xe7, 0x0,
    0x0, 0x5, 0xf1, 0xe7, 0x0, 0x0, 0x9, 0xe0,
    0xe7, 0x0, 0x0, 0x3f, 0x80, 0xe9, 0x33, 0x48,
    0xfb, 0x0, 0xef, 0xff, 0xec, 0x60, 0x0,

    /* U+0045 "E" */
    0xef, 0xff, 0xff, 0xf1, 0xe9, 0x33, 0x33, 0x30,
    0xe7, 0x0, 0x0, 0x0, 0xe7, 0x0, 0x0, 0x0,
    0xe7, 0x0, 0x0, 0x0, 0xef, 0xff, 0xff, 0xc0,
    0xe9, 0x22, 0x22, 0x20, 0xe7, 0x0, 0x0, 0x0,
    0xe7, 0x0, 0x0, 0x0, 0xe9, 0x33, 0x33, 0x30,
    0xef, 0xff, 0xff, 0xf1,

    /* U+0046 "F" */
    0xef, 0xff, 0xff, 0xee, 0x93, 0x33, 0x33, 0xe7,
    0x0, 0x0, 0xe, 0x70, 0x0, 0x0, 0xe7, 0x0,
    0x0, 0xe, 0xff, 0xff, 0xf7, 0xe9, 0x22, 0x22,
    0x1e, 0x70, 0x0, 0x0, 0xe7, 0x0, 0x0, 0xe,
    0x70, 0x0, 0x0, 0xe7, 0x0, 0x0, 0x0,

    /* U+0047 "G" */
    0x0, 0x7, 0xdf, 0xfc, 0x50, 0x0, 0x1d, 0xe8,
    0x45, 0xaf, 0x90, 0xa, 0xe2, 0x0, 0x0, 0x7f,
    0x31, 0xf7, 0x0, 0x0, 0x0, 0x31, 0x3f, 0x20,
    0x0, 0x0, 0x0, 0x5, 0xf1, 0x0, 0xf, 0xff,
    0xf9, 0x3f, 0x30, 0x0, 0x22, 0x2d, 0x90, 0xf7,
    0x0, 0x0, 0x0, 0xf6, 0x9, 0xe2, 0x0, 0x0,
    0x8f, 0x10, 0xc, 0xe8, 0x45, 0xaf, 0x70, 0x0,
    0x7, 0xdf, 0xeb, 0x40, 0x0,

    /* U+0048 "H" */
    0xe7, 0x0, 0x0, 0x4, 0xf1, 0xe7, 0x0, 0x0,
    0x4, 0xf1, 0xe7, 0x0, 0x0, 0x4, 0xf1, 0xe7,
    0x0, 0x0, 0x4, 0xf1, 0xe8, 0x0, 0x0, 0x5,
    0xf1, 0xef, 0xff, 0xff, 0xff, 0xf1, 0xe9, 0x33,
    0x33, 0x37, 0xf1, 0xe7, 0x0, 0x0, 0x4, 0xf1,
    0xe7, 0x0, 0x0, 0x4, 0xf1, 0xe7, 0x0, 0x0,
    0x4, 0xf1, 0xe7, 0x0, 0x0, 0x4, 0xf1,

    /* U+0049 "I" */
    0xe7, 0xe7, 0xe7, 0xe7, 0xe7, 0xe7, 0xe7, 0xe7,
    0xe7, 0xe7, 0xe7,

    /* U+004A "J" */
    0x0, 0x0, 0x9, 0xd0, 0x0, 0x0, 0x9d, 0x0,
    0x0, 0x9, 0xd0, 0x0, 0x0, 0x9d, 0x0, 0x0,
    0x9, 0xd0, 0x0, 0x0, 0x9d, 0x0, 0x0, 0x9,
    0xd0, 0x0, 0x0, 0x9d, 0x7b, 0x0, 0xb, 0xb4,
    0xf9, 0x48, 0xf5, 0x6, 0xdf, 0xd6, 0x0,

    /* U+004B "K" */
    0xe7, 0x0, 0x2, 0xfa, 0xe, 0x70, 0x1, 0xeb,
    0x0, 0xe7, 0x0, 0xcc, 0x0, 0xe, 0x70, 0xbd,
    0x10, 0x0, 0xe8, 0x9e, 0x20, 0x0, 0xe, 0xff,
    0xf3, 0x0, 0x0, 0xef, 0x3c, 0xd1, 0x0, 0xe,
    0x80, 0x1e, 0xb0, 0x0, 0xe7, 0x0, 0x4f, 0x80,
    0xe, 0x70, 0x0, 0x7f, 0x50, 0xe7, 0x0, 0x0,
    0xaf, 0x20,

    /* U+004C "L" */
    0xe7, 0x0, 0x0, 0xe, 0x70, 0x0, 0x0, 0xe7,
    0x0, 0x0, 0xe, 0x70, 0x0, 0x0, 0xe7, 0x0,
    0x0, 0xe, 0x70, 0x0, 0x0, 0xe7, 0x0, 0x0,
    0xe, 0x70, 0x0, 0x0, 0xe7, 0x0, 0x0, 0xe,
    0x93, 0x33, 0x33, 0xef, 0xff, 0xff, 0xe0,

    /* U+004D "M" */
    0xfe, 0x0, 0x0, 0x0, 0xa, 0xf3, 0xff, 0x50,
    0x0, 0x0, 0x1f, 0xf3, 0xef, 0xc0, 0x0, 0x0,
    0x7f, 0xf3, 0xe8, 0xf3, 0x0, 0x0, 0xe8, 0xf3,
    0xe6, 0xb9, 0x0, 0x5, 0xf2, 0xf3, 0xe6, 0x4f,
    0x10, 0xb, 0x91, 0xf3, 0xe6, 0xd, 0x70, 0x2f,
    0x21, 0xf3, 0xe6, 0x6, 0xd0, 0x9b, 0x1, 0xf3,
    0xe6, 0x0, 0xf5, 0xf4, 0x1, 0xf3, 0xe6, 0x0,
    0x9f, 0xd0, 0x1, 0xf3, 0xe6, 0x0, 0x2f, 0x70,
    0x1, 0xf3,

    /* U+004E "N" */
    0xec, 0x0, 0x0, 0x4, 0xf1, 0xff, 0x80, 0x0,
    0x4, 0xf1, 0xef, 0xf4, 0x0, 0x4, 0xf1, 0xe7,
    0xae, 0x10, 0x4, 0xf1, 0xe7, 0xd, 0xa0, 0x4,
    0xf1, 0xe7, 0x3, 0xf6, 0x4, 0xf1, 0xe7, 0x0,
    0x7f, 0x24, 0xf1, 0xe7, 0x0, 0xc, 0xc5, 0xf1,
    0xe7, 0x0, 0x1, 0xef, 0xf1, 0xe7, 0x0, 0x0,
    0x5f, 0xf1, 0xe7, 0x0, 0x0, 0x9, 0xf1,

    /* U+004F "O" */
    0x0, 0x7, 0xdf, 0xec, 0x50, 0x0, 0x0, 0xde,
    0x84, 0x5a, 0xf9, 0x0, 0x9, 0xf2, 0x0, 0x0,
    0x6f, 0x50, 0x1f, 0x70, 0x0, 0x0, 0xc, 0xb0,
    0x3f, 0x30, 0x0, 0x0, 0x7, 0xf0, 0x5f, 0x10,
    0x0, 0x0, 0x6, 0xf0, 0x3f, 0x30, 0x0, 0x0,
    0x7, 0xf0, 0x1f, 0x70, 0x0, 0x0, 0xc, 0xb0,
    0xa, 0xe2, 0x0, 0x0, 0x6f, 0x50, 0x1, 0xde,
    0x84, 0x5a, 0xf9, 0x0, 0x0, 0x7, 0xdf, 0xec,
    0x50, 0x0,

    /* U+0050 "P" */
    0xff, 0xff, 0xfb, 0x30, 0xfb, 0x33, 0x5c, 0xf2,
    0xe7, 0x0, 0x0, 0xe8, 0xe7, 0x0, 0x0, 0xbb,
    0xe7, 0x0, 0x0, 0xe9, 0xe7, 0x0, 0x19, 0xf3,
    0xff, 0xff, 0xfe, 0x50, 0xfa, 0x22, 0x20, 0x0,
    0xe7, 0x0, 0x0, 0x0, 0xe7, 0x0, 0x0, 0x0,
    0xe7, 0x0, 0x0, 0x0,

    /* U+0051 "Q" */
    0x0, 0x7, 0xdf, 0xec, 0x50, 0x0, 0x0, 0xdf,
    0x84, 0x5a, 0xf9, 0x0, 0x9, 0xf2, 0x0, 0x0,
    0x6f, 0x50, 0x1f, 0x70, 0x0, 0x0, 0xc, 0xb0,
    0x3f, 0x30, 0x0, 0x0, 0x7, 0xf0, 0x5f, 0x20,
    0x0, 0x0, 0x6, 0xf0, 0x3f, 0x30, 0x0, 0x0,
    0x7, 0xf0, 0x1f, 0x70, 0x1, 0x31, 0xc, 0xb0,
    0xa, 0xf2, 0x0, 0xcc, 0x6f, 0x50, 0x1, 0xde,
    0x84, 0x7f, 0xf9, 0x0, 0x0, 0x7, 0xdf, 0xef,
    0xf5, 0x0, 0x0, 0x0, 0x0, 0x0, 0x7f, 0x20,

    /* U+0052 "R" */
    0xef, 0xff, 0xfd, 0x60, 0xe, 0x93, 0x34, 0x8f,
    0x70, 0xe7, 0x0, 0x0, 0xad, 0xe, 0x70, 0x0,
    0x9, 0xd0, 0xe7, 0x0, 0x4, 0xf8, 0xe, 0xff,
    0xff, 0xf9, 0x0, 0xe9, 0x22, 0xae, 0x0, 0xe,
    0x70, 0x2, 0xf7, 0x0, 0xe7, 0x0, 0xa, 0xe0,
    0xe, 0x70, 0x0, 0x2f, 0x70, 0xe7, 0x0, 0x0,
    0xae, 0x10,

    /* U+0053 "S" */
    0x0, 0x7d, 0xfe, 0xb3, 0x0, 0xaf, 0x85, 0x6c,
    0xf3, 0x1f, 0x60, 0x0, 0xe, 0xa1, 0xf6, 0x0,
    0x0, 0x0, 0xa, 0xf9, 0x41, 0x0, 0x0, 0x6,
    0xbf, 0xfc, 0x60, 0x0, 0x0, 0x3, 0x9f, 0x80,
    0x10, 0x0, 0x0, 0x9e, 0x5f, 0x20, 0x0, 0xa,
    0xd0, 0xde, 0x75, 0x59, 0xf6, 0x1, 0x8d, 0xff,
    0xc5, 0x0,

    /* U+0054 "T" */
    0x9f, 0xff, 0xff, 0xff, 0xe2, 0x33, 0x4f, 0x73,
    0x33, 0x0, 0x0, 0xf5, 0x0, 0x0, 0x0, 0xf,
    0x50, 0x0, 0x0, 0x0, 0xf5, 0x0, 0x0, 0x0,
    0xf, 0x50, 0x0, 0x0, 0x0, 0xf5, 0x0, 0x0,
    0x0, 0xf, 0x50, 0x0, 0x0, 0x0, 0xf5, 0x0,
    0x0, 0x0, 0xf, 0x50, 0x0, 0x0, 0x0, 0xf5,
    0x0, 0x0,

    /* U+0055 "U" */
    0xe7, 0x0, 0x0, 0x5, 0xf0, 0xe7, 0x0, 0x0,
    0x5, 0xf0, 0xe7, 0x0, 0x0, 0x5, 0xf0, 0xe7,
    0x0, 0x0, 0x5, 0xf0, 0xe7, 0x0, 0x0, 0x5,
    0xf0, 0xe7, 0x0, 0x0, 0x5, 0xf0, 0xe8, 0x0,
    0x0, 0x5, 0xf0, 0xd9, 0x0, 0x0, 0x7, 0xf0,
    0x9e, 0x10, 0x0, 0xd, 0xc0, 0x1e, 0xe7, 0x46,
    0xdf, 0x30, 0x1, 0x9e, 0xfe, 0xa2, 0x0,

    /* U+0056 "V" */
    0x9d, 0x0, 0x0, 0x0, 0xcb, 0x3f, 0x30, 0x0,
    0x1, 0xf5, 0xd, 0x90, 0x0, 0x7, 0xe0, 0x7,
    0xe0, 0x0, 0xd, 0x90, 0x1, 0xf4, 0x0, 0x3f,
    0x30, 0x0, 0xba, 0x0, 0x8d, 0x0, 0x0, 0x5f,
    0x0, 0xe7, 0x0, 0x0, 0xe, 0x54, 0xf1, 0x0,
    0x0, 0x9, 0xba, 0xb0, 0x0, 0x0, 0x3, 0xff,
    0x50, 0x0, 0x0, 0x0, 0xde, 0x0, 0x0,

    /* U+0057 "W" */
    0x8f, 0x0, 0x0, 0x7f, 0x30, 0x0, 0x2f, 0x43,
    0xf3, 0x0, 0xb, 0xf8, 0x0, 0x6, 0xf0, 0xe,
    0x70, 0x0, 0xfc, 0xc0, 0x0, 0xab, 0x0, 0xab,
    0x0, 0x4f, 0x3f, 0x10, 0xe, 0x70, 0x6, 0xf0,
    0x9, 0xa0, 0xe5, 0x2, 0xf2, 0x0, 0x1f, 0x30,
    0xd6, 0x9, 0xa0, 0x6e, 0x0, 0x0, 0xd7, 0x2f,
    0x10, 0x4e, 0xa, 0x90, 0x0, 0x8, 0xb7, 0xc0,
    0x0, 0xf3, 0xe5, 0x0, 0x0, 0x4f, 0xb7, 0x0,
    0xb, 0xaf, 0x10, 0x0, 0x0, 0xff, 0x30, 0x0,
    0x6f, 0xc0, 0x0, 0x0, 0xb, 0xe0, 0x0, 0x1,
    0xf7, 0x0, 0x0,

    /* U+0058 "X" */
    0x4f, 0x60, 0x0, 0x2, 0xf7, 0x8, 0xf2, 0x0,
    0xc, 0xb0, 0x0, 0xdc, 0x0, 0x8e, 0x10, 0x0,
    0x2f, 0x73, 0xf5, 0x0, 0x0, 0x7, 0xff, 0x90,
    0x0, 0x0, 0x0, 0xff, 0x10, 0x0, 0x0, 0x8,
    0xff, 0x90, 0x0, 0x0, 0x3f, 0x55, 0xf4, 0x0,
    0x0, 0xda, 0x0, 0xae, 0x10, 0x9, 0xe1, 0x0,
    0x1e, 0xa0, 0x4f, 0x40, 0x0, 0x4, 0xf5,

    /* U+0059 "Y" */
    0x7f, 0x20, 0x0, 0x5, 0xf4, 0xd, 0xb0, 0x0,
    0xe, 0xa0, 0x3, 0xf5, 0x0, 0x8e, 0x10, 0x0,
    0x9e, 0x13, 0xf5, 0x0, 0x0, 0xe, 0x9c, 0xb0,
    0x0, 0x0, 0x4, 0xff, 0x20, 0x0, 0x0, 0x0,
    0xda, 0x0, 0x0, 0x0, 0x0, 0xc9, 0x0, 0x0,
    0x0, 0x0, 0xc9, 0x0, 0x0, 0x0, 0x0, 0xc9,
    0x0, 0x0, 0x0, 0x0, 0xc9, 0x0, 0x0,

    /* U+005A "Z" */
    0xf, 0xff, 0xff, 0xff, 0xf0, 0x3, 0x33, 0x33,
    0x4f, 0x90, 0x0, 0x0, 0x0, 0xbd, 0x0, 0x0,
    0x0, 0x6, 0xf2, 0x0, 0x0, 0x0, 0x3f, 0x60,
    0x0, 0x0, 0x0, 0xda, 0x0, 0x0, 0x0, 0xa,
    0xd0, 0x0, 0x0, 0x0, 0x5f, 0x30, 0x0, 0x0,
    0x2, 0xf7, 0x0, 0x0, 0x0, 0xd, 0xd3, 0x33,
    0x33, 0x30, 0x3f, 0xff, 0xff, 0xff, 0xf1,

    /* U+005B "[" */
    0x6f, 0xff, 0x6e, 0x0, 0x6e, 0x0, 0x6e, 0x0,
    0x6e, 0x0, 0x6e, 0x0, 0x6e, 0x0, 0x6e, 0x0,
    0x6e, 0x0, 0x6e, 0x0, 0x6e, 0x0, 0x6e, 0x0,
    0x6e, 0x0, 0x6f, 0xff,

    /* U+005C "\\" */
    0xe6, 0x0, 0xa, 0xa0, 0x0, 0x6d, 0x0, 0x3,
    0xf1, 0x0, 0xf, 0x50, 0x0, 0xb8, 0x0, 0x8,
    0xc0, 0x0, 0x4f, 0x0, 0x1, 0xf3, 0x0, 0xd,
    0x70, 0x0, 0x9a, 0x0, 0x6, 0xe0, 0x0, 0x2f,
    0x20, 0x0, 0xe5,

    /* U+005D "]" */
    0xdf, 0xf8, 0x0, 0xc8, 0x0, 0xc8, 0x0, 0xc8,
    0x0, 0xc8, 0x0, 0xc8, 0x0, 0xc8, 0x0, 0xc8,
    0x0, 0xc8, 0x0, 0xc8, 0x0, 0xc8, 0x0, 0xc8,
    0x0, 0xc8, 0xdf, 0xf8,

    /* U+005E "^" */
    0x0, 0x7, 0x50, 0x0, 0x0, 0x7f, 0xf2, 0x0,
    0x2, 0xf3, 0x8c, 0x0, 0xd, 0x80, 0xd, 0x80,
    0x8d, 0x0, 0x3, 0xf3,

    /* U+005F "_" */
    0x0, 0x0, 0x0, 0x0, 0xf, 0xff, 0xff, 0xff,
    0xf6, 0x33, 0x33, 0x33, 0x33, 0x10,

    /* U+0060 "`" */
    0x17, 0x10, 0xb, 0x90, 0x1, 0xe2,

    /* U+0061 "a" */
    0x2, 0xbf, 0xfb, 0x20, 0xe, 0xa3, 0x3b, 0xe0,
    0x2, 0x0, 0x3, 0xf2, 0x6, 0xdf, 0xff, 0xf2,
    0x3f, 0x60, 0x2, 0xf2, 0x6f, 0x0, 0x5, 0xf2,
    0x3f, 0x82, 0x5d, 0xf2, 0x6, 0xef, 0xb4, 0xf2,

    /* U+0062 "b" */
    0xf, 0x40, 0x0, 0x0, 0x0, 0xf4, 0x0, 0x0,
    0x0, 0xf, 0x40, 0x0, 0x0, 0x0, 0xf5, 0x9f,
    0xe9, 0x0, 0xf, 0xe8, 0x35, 0xea, 0x0, 0xfa,
    0x0, 0x5, 0xf2, 0xf, 0x50, 0x0, 0xf, 0x50,
    0xf5, 0x0, 0x1, 0xf5, 0xf, 0xa0, 0x0, 0x5f,
    0x20, 0xfe, 0x83, 0x5e, 0xa0, 0xf, 0x5a, 0xfe,
    0x90, 0x0,

    /* U+0063 "c" */
    0x0, 0x9e, 0xfc, 0x40, 0xc, 0xd4, 0x39, 0xf3,
    0x4f, 0x30, 0x0, 0x85, 0x7e, 0x0, 0x0, 0x0,
    0x7e, 0x0, 0x0, 0x0, 0x4f, 0x30, 0x0, 0x85,
    0xc, 0xd5, 0x38, 0xf3, 0x0, 0x9e, 0xfc, 0x40,

    /* U+0064 "d" */
    0x0, 0x0, 0x0, 0x7e, 0x0, 0x0, 0x0, 0x7e,
    0x0, 0x0, 0x0, 0x7e, 0x1, 0xaf, 0xe8, 0x7e,
    0xc, 0xd4, 0x3a, 0xee, 0x4f, 0x30, 0x0, 0xce,
    0x7e, 0x0, 0x0, 0x7e, 0x7e, 0x0, 0x0, 0x7e,
    0x4f, 0x30, 0x0, 0xce, 0xd, 0xd4, 0x3a, 0xee,
    0x1, 0xaf, 0xe8, 0x7e,

    /* U+0065 "e" */
    0x0, 0x9e, 0xfc, 0x30, 0xc, 0xd4, 0x39, 0xf2,
    0x4f, 0x20, 0x0, 0xd8, 0x7f, 0xee, 0xee, 0xfb,
    0x7f, 0x11, 0x11, 0x11, 0x4f, 0x20, 0x0, 0x63,
    0xc, 0xd4, 0x38, 0xf2, 0x1, 0x9e, 0xfc, 0x30,

    /* U+0066 "f" */
    0x2, 0xcf, 0x50, 0x9d, 0x20, 0xa, 0xa0, 0xc,
    0xff, 0xf5, 0x1b, 0xb1, 0x0, 0xaa, 0x0, 0xa,
    0xa0, 0x0, 0xaa, 0x0, 0xa, 0xa0, 0x0, 0xaa,
    0x0, 0xa, 0xa0, 0x0,

    /* U+0067 "g" */
    0x1, 0xaf, 0xe9, 0x7e, 0xc, 0xc2, 0x7, 0xfe,
    0x4f, 0x20, 0x0, 0xbe, 0x7e, 0x0, 0x0, 0x7e,
    0x7e, 0x0, 0x0, 0x8e, 0x4f, 0x30, 0x0, 0xce,
    0xc, 0xd5, 0x3a, 0xee, 0x1, 0xaf, 0xe8, 0x7e,
    0x4, 0x10, 0x0, 0xad, 0xd, 0xc4, 0x37, 0xf6,
    0x1, 0xae, 0xfd, 0x60,

    /* U+0068 "h" */
    0xf, 0x40, 0x0, 0x0, 0xf, 0x40, 0x0, 0x0,
    0xf, 0x40, 0x0, 0x0, 0xf, 0x6b, 0xfe, 0x70,
    0xf, 0xe6, 0x38, 0xf5, 0xf, 0x80, 0x0, 0xcb,
    0xf, 0x50, 0x0, 0x9c, 0xf, 0x40, 0x0, 0x9c,
    0xf, 0x40, 0x0, 0x9c, 0xf, 0x40, 0x0, 0x9c,
    0xf, 0x40, 0x0, 0x9c,

    /* U+0069 "i" */
    0x1e, 0x40, 0x82, 0x0, 0x0, 0xf5, 0xf, 0x50,
    0xf5, 0xf, 0x50, 0xf5, 0xf, 0x50, 0xf5, 0xf,
    0x50,

    /* U+006A "j" */
    0x1, 0xe4, 0x0, 0x82, 0x0, 0x0, 0x0, 0xf4,
    0x0, 0xf4, 0x0, 0xf4, 0x0, 0xf4, 0x0, 0xf4,
    0x0, 0xf4, 0x0, 0xf4, 0x0, 0xf4, 0x0, 0xf4,
    0x16, 0xf2, 0x7e, 0x70,

    /* U+006B "k" */
    0xf5, 0x0, 0x0, 0xf, 0x50, 0x0, 0x0, 0xf5,
    0x0, 0x0, 0xf, 0x50, 0x8, 0xe2, 0xf5, 0x8,
    0xe2, 0xf, 0x58, 0xe2, 0x0, 0xfe, 0xf4, 0x0,
    0xf, 0xfc, 0xd0, 0x0, 0xf6, 0x1d, 0xa0, 0xf,
    0x50, 0x2f, 0x70, 0xf5, 0x0, 0x4f, 0x40,

    /* U+006C "l" */
    0xf, 0x40, 0xf4, 0xf, 0x40, 0xf4, 0xf, 0x40,
    0xf4, 0xf, 0x40, 0xf4, 0xf, 0x40, 0xf4, 0xf,
    0x40,

    /* U+006D "m" */
    0x1f, 0x6c, 0xfc, 0x25, 0xdf, 0xc2, 0x1, 0xfd,
    0x43, 0xcd, 0xc4, 0x4d, 0xc0, 0x1f, 0x60, 0x4,
    0xf4, 0x0, 0x6f, 0x1, 0xf4, 0x0, 0x3f, 0x10,
    0x5, 0xf0, 0x1f, 0x30, 0x3, 0xf1, 0x0, 0x5f,
    0x1, 0xf3, 0x0, 0x3f, 0x10, 0x5, 0xf0, 0x1f,
    0x30, 0x3, 0xf1, 0x0, 0x5f, 0x1, 0xf3, 0x0,
    0x3f, 0x10, 0x5, 0xf0,

    /* U+006E "n" */
    0x1f, 0x6b, 0xfe, 0x60, 0x1f, 0xe5, 0x38, 0xf4,
    0x1f, 0x70, 0x0, 0xd8, 0x1f, 0x40, 0x0, 0xc9,
    0x1f, 0x30, 0x0, 0xc9, 0x1f, 0x30, 0x0, 0xc9,
    0x1f, 0x30, 0x0, 0xc9, 0x1f, 0x30, 0x0, 0xc9,

    /* U+006F "o" */
    0x0, 0x9e, 0xfc, 0x40, 0x0, 0xcd, 0x43, 0x8f,
    0x40, 0x4f, 0x30, 0x0, 0xbc, 0x7, 0xe0, 0x0,
    0x6, 0xf0, 0x7e, 0x0, 0x0, 0x6f, 0x4, 0xf3,
    0x0, 0xb, 0xc0, 0xc, 0xd5, 0x38, 0xf4, 0x0,
    0x9, 0xef, 0xc4, 0x0,

    /* U+0070 "p" */
    0x1f, 0x5a, 0xee, 0x80, 0x1, 0xfe, 0x73, 0x5e,
    0x90, 0x1f, 0x90, 0x0, 0x6f, 0x11, 0xf4, 0x0,
    0x2, 0xf4, 0x1f, 0x40, 0x0, 0x2f, 0x41, 0xf9,
    0x0, 0x6, 0xf1, 0x1f, 0xe7, 0x36, 0xf9, 0x1,
    0xf5, 0xae, 0xe8, 0x0, 0x1f, 0x30, 0x0, 0x0,
    0x1, 0xf3, 0x0, 0x0, 0x0, 0x1f, 0x30, 0x0,
    0x0, 0x0,

    /* U+0071 "q" */
    0x1, 0xaf, 0xe9, 0x7e, 0xc, 0xc2, 0x17, 0xfe,
    0x4f, 0x20, 0x0, 0xbe, 0x7e, 0x0, 0x0, 0x7e,
    0x7e, 0x0, 0x0, 0x8e, 0x4f, 0x30, 0x0, 0xce,
    0xc, 0xd5, 0x3a, 0xee, 0x1, 0xaf, 0xe8, 0x7e,
    0x0, 0x0, 0x0, 0x7e, 0x0, 0x0, 0x0, 0x7e,
    0x0, 0x0, 0x0, 0x7e,

    /* U+0072 "r" */
    0x1f, 0x6d, 0xb1, 0xfd, 0x53, 0x1f, 0x60, 0x1,
    0xf4, 0x0, 0x1f, 0x30, 0x1, 0xf3, 0x0, 0x1f,
    0x30, 0x1, 0xf3, 0x0,

    /* U+0073 "s" */
    0x4, 0xcf, 0xe8, 0x1, 0xf9, 0x24, 0xe8, 0x3f,
    0x40, 0x3, 0x40, 0xbf, 0xa6, 0x10, 0x0, 0x38,
    0xcf, 0x62, 0x50, 0x0, 0x9d, 0x3f, 0x72, 0x3d,
    0xb0, 0x5d, 0xfe, 0xa1,

    /* U+0074 "t" */
    0xb, 0xb0, 0x0, 0xbb, 0x0, 0xef, 0xff, 0x31,
    0xbb, 0x10, 0xb, 0xb0, 0x0, 0xbb, 0x0, 0xb,
    0xb0, 0x0, 0xbb, 0x0, 0x9, 0xd2, 0x0, 0x2c,
    0xf3,

    /* U+0075 "u" */
    0x2f, 0x30, 0x0, 0xc8, 0x2f, 0x30, 0x0, 0xc8,
    0x2f, 0x30, 0x0, 0xc8, 0x2f, 0x30, 0x0, 0xc8,
    0x2f, 0x30, 0x0, 0xd8, 0x1f, 0x40, 0x0, 0xf8,
    0xd, 0xd4, 0x3b, 0xf8, 0x2, 0xcf, 0xe6, 0xc8,

    /* U+0076 "v" */
    0xac, 0x0, 0x0, 0xf5, 0x4f, 0x20, 0x5, 0xf0,
    0xe, 0x70, 0xb, 0x90, 0x8, 0xc0, 0x1f, 0x30,
    0x2, 0xf2, 0x6d, 0x0, 0x0, 0xc7, 0xb7, 0x0,
    0x0, 0x6e, 0xf2, 0x0, 0x0, 0xf, 0xb0, 0x0,

    /* U+0077 "w" */
    0xab, 0x0, 0x1f, 0x80, 0x4, 0xf1, 0x5f, 0x0,
    0x5f, 0xc0, 0x8, 0xc0, 0x1f, 0x30, 0xa9, 0xf1,
    0xc, 0x80, 0xc, 0x70, 0xe3, 0xc5, 0xf, 0x30,
    0x8, 0xb3, 0xe0, 0x7a, 0x4e, 0x0, 0x3, 0xf7,
    0x90, 0x2e, 0x8a, 0x0, 0x0, 0xee, 0x50, 0xd,
    0xe5, 0x0, 0x0, 0xaf, 0x0, 0x9, 0xf1, 0x0,

    /* U+0078 "x" */
    0x5f, 0x20, 0x9, 0xd0, 0xa, 0xc0, 0x3f, 0x30,
    0x1, 0xe7, 0xd8, 0x0, 0x0, 0x5f, 0xc0, 0x0,
    0x0, 0x5f, 0xd0, 0x0, 0x1, 0xe6, 0xd8, 0x0,
    0xb, 0xb0, 0x4f, 0x30, 0x6f, 0x20, 0x9, 0xd0,

    /* U+0079 "y" */
    0xac, 0x0, 0x0, 0xf6, 0x4f, 0x20, 0x5, 0xf1,
    0xe, 0x70, 0xa, 0xa0, 0x8, 0xc0, 0xf, 0x50,
    0x2, 0xf1, 0x4e, 0x0, 0x0, 0xc6, 0xa9, 0x0,
    0x0, 0x7c, 0xf3, 0x0, 0x0, 0x1f, 0xd0, 0x0,
    0x0, 0xe, 0x80, 0x0, 0x1, 0x7f, 0x10, 0x0,
    0xf, 0xd5, 0x0, 0x0,

    /* U+007A "z" */
    0x4f, 0xff, 0xff, 0xb0, 0x11, 0x13, 0xf5, 0x0,
    0x0, 0xc9, 0x0, 0x0, 0x9c, 0x0, 0x0, 0x5f,
    0x20, 0x0, 0x2f, 0x50, 0x0, 0xd, 0xa1, 0x11,
    0x14, 0xff, 0xff, 0xfc,

    /* U+007B "{" */
    0x0, 0x3c, 0xf0, 0xd, 0x91, 0x1, 0xf3, 0x0,
    0x2f, 0x20, 0x2, 0xf2, 0x0, 0x3f, 0x10, 0x2a,
    0xe0, 0xd, 0xd2, 0x0, 0x4b, 0xd0, 0x0, 0x2f,
    0x20, 0x2, 0xf2, 0x0, 0x2f, 0x20, 0x0, 0xf8,
    0x10, 0x4, 0xdf,

    /* U+007C "|" */
    0xe5, 0xe5, 0xe5, 0xe5, 0xe5, 0xe5, 0xe5, 0xe5,
    0xe5, 0xe5, 0xe5, 0xe5, 0xe5, 0xe5,

    /* U+007D "}" */
    0xdd, 0x50, 0x1, 0x7f, 0x10, 0x0, 0xf3, 0x0,
    0xf, 0x40, 0x0, 0xf4, 0x0, 0xf, 0x50, 0x0,
    0xcc, 0x30, 0x1, 0xbf, 0x0, 0xbd, 0x50, 0xf,
    0x50, 0x0, 0xf4, 0x0, 0xf, 0x40, 0x16, 0xf2,
    0xd, 0xe6, 0x0,

    /* U+007E "~" */
    0x8, 0xee, 0xa4, 0x12, 0x60, 0xa4, 0x49, 0xef,
    0xf6, 0x0, 0x0, 0x0, 0x20, 0x0,

    /* U+00C0 "À" */
    0x0, 0x7, 0xc0, 0x0, 0x0, 0x0, 0x0, 0xa7,
    0x0, 0x0, 0x0, 0x0, 0x0, 0x0, 0x0, 0x0,
    0x0, 0xcf, 0x0, 0x0, 0x0, 0x2, 0xff, 0x50,
    0x0, 0x0, 0x8, 0xc9, 0xb0, 0x0, 0x0, 0xe,
    0x63, 0xf1, 0x0, 0x0, 0x5f, 0x10, 0xd7, 0x0,
    0x0, 0xba, 0x0, 0x7d, 0x0, 0x1, 0xf4, 0x0,
    0x2f, 0x40, 0x7, 0xff, 0xff, 0xff, 0xa0, 0xd,
    0xb2, 0x22, 0x29, 0xf0, 0x3f, 0x30, 0x0, 0x1,
    0xf6, 0x9d, 0x0, 0x0, 0x0, 0xac,

    /* U+00C1 "Á" */
    0x0, 0x0, 0x9, 0xb0, 0x0, 0x0, 0x0, 0x3d,
    0x0, 0x0, 0x0, 0x0, 0x0, 0x0, 0x0, 0x0,
    0x0, 0xcf, 0x0, 0x0, 0x0, 0x2, 0xff, 0x50,
    0x0, 0x0, 0x8, 0xc9, 0xb0, 0x0, 0x0, 0xe,
    0x63, 0xf1, 0x0, 0x0, 0x5f, 0x10, 0xd7, 0x0,
    0x0, 0xba, 0x0, 0x7d, 0x0, 0x1, 0xf4, 0x0,
    0x2f, 0x40, 0x7, 0xff, 0xff, 0xff, 0xa0, 0xd,
    0xb2, 0x22, 0x29, 0xf0, 0x3f, 0x30, 0x0, 0x1,
    0xf6, 0x9d, 0x0, 0x0, 0x0, 0xac,

    /* U+00C2 "Â" */
    0x0, 0x1, 0xdd, 0x20, 0x0, 0x0, 0xb, 0x53,
    0xd1, 0x0, 0x0, 0x0, 0x0, 0x0, 0x0, 0x0,
    0x0, 0xcf, 0x0, 0x0, 0x0, 0x2, 0xff, 0x50,
    0x0, 0x0, 0x8, 0xc9, 0xb0, 0x0, 0x0, 0xe,
    0x63, 0xf1, 0x0, 0x0, 0x5f, 0x10, 0xd7, 0x0,
    0x0, 0xba, 0x0, 0x7d, 0x0, 0x1, 0xf4, 0x0,
    0x2f, 0x40, 0x7, 0xff, 0xff, 0xff, 0xa0, 0xd,
    0xb2, 0x22, 0x29, 0xf0, 0x3f, 0x30, 0x0, 0x1,
    0xf6, 0x9d, 0x0, 0x0, 0x0, 0xac,

    /* U+00C3 "Ã" */
    0x0, 0xb, 0xd3, 0xa4, 0x0, 0x0, 0x2d, 0x2c,
    0xd1, 0x0, 0x0, 0x0, 0x0, 0x0, 0x0, 0x0,
    0x0, 0xcf, 0x0, 0x0, 0x0, 0x2, 0xff, 0x50,
    0x0, 0x0, 0x8, 0xc9, 0xb0, 0x0, 0x0, 0xe,
    0x63, 0xf1, 0x0, 0x0, 0x5f, 0x10, 0xd7, 0x0,
    0x0, 0xba, 0x0, 0x7d, 0x0, 0x1, 0xf4, 0x0,
    0x2f, 0x40, 0x7, 0xff, 0xff, 0xff, 0xa0, 0xd,
    0xb2, 0x22, 0x29, 0xf0, 0x3f, 0x30, 0x0, 0x1,
    0xf6, 0x9d, 0x0, 0x0, 0x0, 0xac,

    /* U+00C8 "È" */
    0x1, 0xe5, 0x0, 0x0, 0x0, 0x3d, 0x0, 0x0,
    0x0, 0x0, 0x0, 0x0, 0xef, 0xff, 0xff, 0xf1,
    0xe9, 0x33, 0x33, 0x30, 0xe7, 0x0, 0x0, 0x0,
    0xe7, 0x0, 0x0, 0x0, 0xe7, 0x0, 0x0, 0x0,
    0xef, 0xff, 0xff, 0xc0, 0xe9, 0x22, 0x22, 0x20,
    0xe7, 0x0, 0x0, 0x0, 0xe7, 0x0, 0x0, 0x0,
    0xe9, 0x33, 0x33, 0x30, 0xef, 0xff, 0xff, 0xf1,

    /* U+00C9 "É" */
    0x0, 0x2, 0xf3, 0x0, 0x0, 0xb, 0x60, 0x0,
    0x0, 0x0, 0x0, 0x0, 0xef, 0xff, 0xff, 0xf1,
    0xe9, 0x33, 0x33, 0x30, 0xe7, 0x0, 0x0, 0x0,
    0xe7, 0x0, 0x0, 0x0, 0xe7, 0x0, 0x0, 0x0,
    0xef, 0xff, 0xff, 0xc0, 0xe9, 0x22, 0x22, 0x20,
    0xe7, 0x0, 0x0, 0x0, 0xe7, 0x0, 0x0, 0x0,
    0xe9, 0x33, 0x33, 0x30, 0xef, 0xff, 0xff, 0xf1,

    /* U+00CA "Ê" */
    0x0, 0x6e, 0x90, 0x0, 0x4, 0xc0, 0xa7, 0x0,
    0x0, 0x0, 0x0, 0x0, 0xef, 0xff, 0xff, 0xf1,
    0xe9, 0x33, 0x33, 0x30, 0xe7, 0x0, 0x0, 0x0,
    0xe7, 0x0, 0x0, 0x0, 0xe7, 0x0, 0x0, 0x0,
    0xef, 0xff, 0xff, 0xc0, 0xe9, 0x22, 0x22, 0x20,
    0xe7, 0x0, 0x0, 0x0, 0xe7, 0x0, 0x0, 0x0,
    0xe9, 0x33, 0x33, 0x30, 0xef, 0xff, 0xff, 0xf1,

    /* U+00CC "Ì" */
    0xc, 0x80, 0x1, 0xd2, 0x0, 0x0, 0x0, 0xe7,
    0x0, 0xe7, 0x0, 0xe7, 0x0, 0xe7, 0x0, 0xe7,
    0x0, 0xe7, 0x0, 0xe7, 0x0, 0xe7, 0x0, 0xe7,
    0x0, 0xe7, 0x0, 0xe7,

    /* U+00CD "Í" */
    0xd, 0x68, 0x90, 0x0, 0xe, 0x70, 0xe7, 0xe,
    0x70, 0xe7, 0xe, 0x70, 0xe7, 0xe, 0x70, 0xe7,
    0xe, 0x70, 0xe7, 0xe, 0x70,

    /* U+00D2 "Ò" */
    0x0, 0x0, 0xb9, 0x0, 0x0, 0x0, 0x0, 0x0,
    0xd, 0x30, 0x0, 0x0, 0x0, 0x0, 0x0, 0x0,
    0x0, 0x0, 0x0, 0x7, 0xdf, 0xec, 0x50, 0x0,
    0x0, 0xde, 0x84, 0x5a, 0xf9, 0x0, 0x9, 0xf2,
    0x0, 0x0, 0x6f, 0x50, 0x1f, 0x70, 0x0, 0x0,
    0xc, 0xb0, 0x3f, 0x30, 0x0, 0x0, 0x7, 0xf0,
    0x5f, 0x10, 0x0, 0x0, 0x6, 0xf0, 0x3f, 0x30,
    0x0, 0x0, 0x7, 0xf0, 0x1f, 0x70, 0x0, 0x0,
    0xc, 0xb0, 0xa, 0xe2, 0x0, 0x0, 0x6f, 0x50,
    0x1, 0xde, 0x84, 0x5a, 0xf9, 0x0, 0x0, 0x7,
    0xdf, 0xec, 0x50, 0x0,

    /* U+00D3 "Ó" */
    0x0, 0x0, 0x0, 0xd7, 0x0, 0x0, 0x0, 0x0,
    0x7, 0xa0, 0x0, 0x0, 0x0, 0x0, 0x0, 0x0,
    0x0, 0x0, 0x0, 0x7, 0xdf, 0xec, 0x50, 0x0,
    0x0, 0xde, 0x84, 0x5a, 0xf9, 0x0, 0x9, 0xf2,
    0x0, 0x0, 0x6f, 0x50, 0x1f, 0x70, 0x0, 0x0,
    0xc, 0xb0, 0x3f, 0x30, 0x0, 0x0, 0x7, 0xf0,
    0x5f, 0x10, 0x0, 0x0, 0x6, 0xf0, 0x3f, 0x30,
    0x0, 0x0, 0x7, 0xf0, 0x1f, 0x70, 0x0, 0x0,
    0xc, 0xb0, 0xa, 0xe2, 0x0, 0x0, 0x6f, 0x50,
    0x1, 0xde, 0x84, 0x5a, 0xf9, 0x0, 0x0, 0x7,
    0xdf, 0xec, 0x50, 0x0,

    /* U+00D4 "Ô" */
    0x0, 0x0, 0x3d, 0xc0, 0x0, 0x0, 0x0, 0x1,
    0xd2, 0x6b, 0x0, 0x0, 0x0, 0x0, 0x0, 0x0,
    0x0, 0x0, 0x0, 0x7, 0xdf, 0xec, 0x50, 0x0,
    0x0, 0xde, 0x84, 0x5a, 0xf9, 0x0, 0x9, 0xf2,
    0x0, 0x0, 0x6f, 0x50, 0x1f, 0x70, 0x0, 0x0,
    0xc, 0xb0, 0x3f, 0x30, 0x0, 0x0, 0x7, 0xf0,
    0x5f, 0x10, 0x0, 0x0, 0x6, 0xf0, 0x3f, 0x30,
    0x0, 0x0, 0x7, 0xf0, 0x1f, 0x70, 0x0, 0x0,
    0xc, 0xb0, 0xa, 0xe2, 0x0, 0x0, 0x6f, 0x50,
    0x1, 0xde, 0x84, 0x5a, 0xf9, 0x0, 0x0, 0x7,
    0xdf, 0xec, 0x50, 0x0,

    /* U+00D5 "Õ" */
    0x0, 0x1, 0xdb, 0x2d, 0x10, 0x0, 0x0, 0x5,
    0x94, 0xea, 0x0, 0x0, 0x0, 0x0, 0x0, 0x0,
    0x0, 0x0, 0x0, 0x7, 0xdf, 0xec, 0x50, 0x0,
    0x0, 0xde, 0x84, 0x5a, 0xf9, 0x0, 0x9, 0xf2,
    0x0, 0x0, 0x6f, 0x50, 0x1f, 0x70, 0x0, 0x0,
    0xc, 0xb0, 0x3f, 0x30, 0x0, 0x0, 0x7, 0xf0,
    0x5f, 0x10, 0x0, 0x0, 0x6, 0xf0, 0x3f, 0x30,
    0x0, 0x0, 0x7, 0xf0, 0x1f, 0x70, 0x0, 0x0,
    0xc, 0xb0, 0xa, 0xe2, 0x0, 0x0, 0x6f, 0x50,
    0x1, 0xde, 0x84, 0x5a, 0xf9, 0x0, 0x0, 0x7,
    0xdf, 0xec, 0x50, 0x0,

    /* U+00D9 "Ù" */
    0x0, 0x1e, 0x40, 0x0, 0x0, 0x0, 0x3, 0xd0,
    0x0, 0x0, 0x0, 0x0, 0x0, 0x0, 0x0, 0xe7,
    0x0, 0x0, 0x5, 0xf0, 0xe7, 0x0, 0x0, 0x5,
    0xf0, 0xe7, 0x0, 0x0, 0x5, 0xf0, 0xe7, 0x0,
    0x0, 0x5, 0xf0, 0xe7, 0x0, 0x0, 0x5, 0xf0,
    0xe7, 0x0, 0x0, 0x5, 0xf0, 0xe8, 0x0, 0x0,
    0x5, 0xf0, 0xd9, 0x0, 0x0, 0x7, 0xf0, 0x9e,
    0x10, 0x0, 0xd, 0xc0, 0x1e, 0xe7, 0x46, 0xdf,
    0x30, 0x1, 0x9e, 0xfe, 0xa2, 0x0,

    /* U+00DA "Ú" */
    0x0, 0x0, 0x2f, 0x30, 0x0, 0x0, 0x0, 0xb6,
    0x0, 0x0, 0x0, 0x0, 0x0, 0x0, 0x0, 0xe7,
    0x0, 0x0, 0x5, 0xf0, 0xe7, 0x0, 0x0, 0x5,
    0xf0, 0xe7, 0x0, 0x0, 0x5, 0xf0, 0xe7, 0x0,
    0x0, 0x5, 0xf0, 0xe7, 0x0, 0x0, 0x5, 0xf0,
    0xe7, 0x0, 0x0, 0x5, 0xf0, 0xe8, 0x0, 0x0,
    0x5, 0xf0, 0xd9, 0x0, 0x0, 0x7, 0xf0, 0x9e,
    0x10, 0x0, 0xd, 0xc0, 0x1e, 0xe7, 0x46, 0xdf,
    0x30, 0x1, 0x9e, 0xfe, 0xa2, 0x0,

    /* U+00DD "Ý" */
    0x0, 0x0, 0xc, 0x80, 0x0, 0x0, 0x0, 0x6b,
    0x0, 0x0, 0x0, 0x0, 0x0, 0x0, 0x0, 0x7f,
    0x20, 0x0, 0x5, 0xf4, 0xd, 0xb0, 0x0, 0xe,
    0xa0, 0x3, 0xf5, 0x0, 0x8e, 0x10, 0x0, 0x9e,
    0x13, 0xf5, 0x0, 0x0, 0xe, 0x9c, 0xb0, 0x0,
    0x0, 0x4, 0xff, 0x20, 0x0, 0x0, 0x0, 0xda,
    0x0, 0x0, 0x0, 0x0, 0xc9, 0x0, 0x0, 0x0,
    0x0, 0xc9, 0x0, 0x0, 0x0, 0x0, 0xc9, 0x0,
    0x0, 0x0, 0x0, 0xc9, 0x0, 0x0,

    /* U+00E0 "à" */
    0x0, 0xab, 0x0, 0x0, 0x0, 0xd, 0x40, 0x0,
    0x0, 0x1, 0x20, 0x0, 0x1, 0xaf, 0xfb, 0x20,
    0xd, 0xb3, 0x3b, 0xe0, 0x5, 0x10, 0x3, 0xf2,
    0x6, 0xdf, 0xff, 0xf2, 0x3f, 0x60, 0x2, 0xf2,
    0x6f, 0x0, 0x5, 0xf2, 0x3f, 0x82, 0x5d, 0xf2,
    0x6, 0xef, 0xb4, 0xf2,

    /* U+00E1 "á" */
    0x0, 0x0, 0x9c, 0x0, 0x0, 0x2, 0xe1, 0x0,
    0x0, 0x2, 0x20, 0x0, 0x2, 0xbf, 0xfb, 0x20,
    0xe, 0xa3, 0x3b, 0xe0, 0x2, 0x0, 0x3, 0xf2,
    0x6, 0xdf, 0xff, 0xf2, 0x3f, 0x60, 0x2, 0xf2,
    0x6f, 0x0, 0x5, 0xf2, 0x3f, 0x82, 0x5d, 0xf2,
    0x6, 0xef, 0xb4, 0xf2,

    /* U+00E2 "â" */
    0x0, 0x1d, 0xe2, 0x0, 0x0, 0xb6, 0x5d, 0x0,
    0x0, 0x30, 0x3, 0x10, 0x2, 0xbf, 0xfb, 0x20,
    0xe, 0xa3, 0x3b, 0xe0, 0x2, 0x0, 0x3, 0xf2,
    0x6, 0xdf, 0xff, 0xf2, 0x3f, 0x60, 0x2, 0xf2,
    0x6f, 0x0, 0x5, 0xf2, 0x3f, 0x82, 0x5d, 0xf2,
    0x6, 0xef, 0xb4, 0xf2,

    /* U+00E3 "ã" */
    0x0, 0xdd, 0x39, 0x50, 0x3, 0xb3, 0xcd, 0x10,
    0x0, 0x0, 0x0, 0x0, 0x2, 0xbf, 0xfb, 0x20,
    0xe, 0xa3, 0x3b, 0xe0, 0x2, 0x0, 0x3, 0xf2,
    0x6, 0xdf, 0xff, 0xf2, 0x3f, 0x60, 0x2, 0xf2,
    0x6f, 0x0, 0x5, 0xf2, 0x3f, 0x82, 0x5d, 0xf2,
    0x6, 0xef, 0xb4, 0xf2,

    /* U+00E8 "è" */
    0x0, 0x8c, 0x0, 0x0, 0x0, 0xb, 0x60, 0x0,
    0x0, 0x1, 0x30, 0x0, 0x0, 0x9e, 0xfc, 0x30,
    0xc, 0xd4, 0x39, 0xf2, 0x4f, 0x20, 0x0, 0xd8,
    0x7f, 0xee, 0xee, 0xfb, 0x7f, 0x11, 0x11, 0x11,
    0x4f, 0x20, 0x0, 0x63, 0xc, 0xd4, 0x38, 0xf2,
    0x1, 0x9e, 0xfc, 0x30,

    /* U+00E9 "é" */
    0x0, 0x0, 0x7d, 0x0, 0x0, 0x1, 0xe2, 0x0,
    0x0, 0x1, 0x20, 0x0, 0x0, 0x9e, 0xfc, 0x30,
    0xc, 0xd4, 0x39, 0xf2, 0x4f, 0x20, 0x0, 0xd8,
    0x7f, 0xee, 0xee, 0xfb, 0x7f, 0x11, 0x11, 0x11,
    0x4f, 0x20, 0x0, 0x63, 0xc, 0xd4, 0x38, 0xf2,
    0x1, 0x9e, 0xfc, 0x30,

    /* U+00EA "ê" */
    0x0, 0xc, 0xe3, 0x0, 0x0, 0x98, 0x3d, 0x10,
    0x0, 0x30, 0x2, 0x10, 0x0, 0x9e, 0xfc, 0x30,
    0xc, 0xd4, 0x39, 0xf2, 0x4f, 0x20, 0x0, 0xd8,
    0x7f, 0xee, 0xee, 0xfb, 0x7f, 0x11, 0x11, 0x11,
    0x4f, 0x20, 0x0, 0x63, 0xc, 0xd4, 0x38, 0xf2,
    0x1, 0x9e, 0xfc, 0x30,

    /* U+00EC "ì" */
    0x1e, 0x40, 0x4, 0xd0, 0x0, 0x10, 0x0, 0xf5,
    0x0, 0xf5, 0x0, 0xf5, 0x0, 0xf5, 0x0, 0xf5,
    0x0, 0xf5, 0x0, 0xf5, 0x0, 0xf5,

    /* U+00ED "í" */
    0x1, 0xe5, 0x9, 0x80, 0x2, 0x0, 0xf, 0x50,
    0xf, 0x50, 0xf, 0x50, 0xf, 0x50, 0xf, 0x50,
    0xf, 0x50, 0xf, 0x50, 0xf, 0x50,

    /* U+00F2 "ò" */
    0x0, 0x7d, 0x0, 0x0, 0x0, 0x0, 0xb7, 0x0,
    0x0, 0x0, 0x0, 0x30, 0x0, 0x0, 0x9, 0xef,
    0xc4, 0x0, 0xc, 0xd4, 0x38, 0xf4, 0x4, 0xf3,
    0x0, 0xb, 0xc0, 0x7e, 0x0, 0x0, 0x6f, 0x7,
    0xe0, 0x0, 0x6, 0xf0, 0x4f, 0x30, 0x0, 0xbc,
    0x0, 0xcd, 0x53, 0x8f, 0x40, 0x0, 0x9e, 0xfc,
    0x40, 0x0,

    /* U+00F3 "ó" */
    0x0, 0x0, 0x6e, 0x10, 0x0, 0x0, 0xe, 0x30,
    0x0, 0x0, 0x1, 0x20, 0x0, 0x0, 0x9, 0xef,
    0xc4, 0x0, 0xc, 0xd4, 0x38, 0xf4, 0x4, 0xf3,
    0x0, 0xb, 0xc0, 0x7e, 0x0, 0x0, 0x6f, 0x7,
    0xe0, 0x0, 0x6, 0xf0, 0x4f, 0x30, 0x0, 0xbc,
    0x0, 0xcd, 0x53, 0x8f, 0x40, 0x0, 0x9e, 0xfc,
    0x40, 0x0,

    /* U+00F4 "ô" */
    0x0, 0xc, 0xe4, 0x0, 0x0, 0x8, 0xa2, 0xe1,
    0x0, 0x0, 0x30, 0x2, 0x20, 0x0, 0x9, 0xef,
    0xc4, 0x0, 0xc, 0xd4, 0x38, 0xf4, 0x4, 0xf3,
    0x0, 0xb, 0xc0, 0x7e, 0x0, 0x0, 0x6f, 0x7,
    0xe0, 0x0, 0x6, 0xf0, 0x4f, 0x30, 0x0, 0xbc,
    0x0, 0xcd, 0x53, 0x8f, 0x40, 0x0, 0x9e, 0xfc,
    0x40, 0x0,

    /* U+00F5 "õ" */
    0x0, 0xae, 0x57, 0x80, 0x0, 0xe, 0x2b, 0xe3,
    0x0, 0x0, 0x0, 0x0, 0x0, 0x0, 0x9, 0xef,
    0xc4, 0x0, 0xc, 0xd4, 0x38, 0xf4, 0x4, 0xf3,
    0x0, 0xb, 0xc0, 0x7e, 0x0, 0x0, 0x6f, 0x7,
    0xe0, 0x0, 0x6, 0xf0, 0x4f, 0x30, 0x0, 0xbc,
    0x0, 0xcd, 0x53, 0x8f, 0x40, 0x0, 0x9e, 0xfc,
    0x40, 0x0,

    /* U+00F9 "ù" */
    0x0, 0x7d, 0x0, 0x0, 0x0, 0xa, 0x70, 0x0,
    0x0, 0x0, 0x10, 0x0, 0x2f, 0x30, 0x0, 0xc8,
    0x2f, 0x30, 0x0, 0xc8, 0x2f, 0x30, 0x0, 0xc8,
    0x2f, 0x30, 0x0, 0xc8, 0x2f, 0x30, 0x0, 0xd8,
    0x1f, 0x40, 0x0, 0xf8, 0xd, 0xd4, 0x3b, 0xf8,
    0x2, 0xcf, 0xe6, 0xc8,

    /* U+00FA "ú" */
    0x0, 0x0, 0x7d, 0x0, 0x0, 0x1, 0xe2, 0x0,
    0x0, 0x0, 0x10, 0x0, 0x2f, 0x30, 0x0, 0xc8,
    0x2f, 0x30, 0x0, 0xc8, 0x2f, 0x30, 0x0, 0xc8,
    0x2f, 0x30, 0x0, 0xc8, 0x2f, 0x30, 0x0, 0xd8,
    0x1f, 0x40, 0x0, 0xf8, 0xd, 0xd4, 0x3b, 0xf8,
    0x2, 0xcf, 0xe6, 0xc8,

    /* U+00FD "ý" */
    0x0, 0x0, 0xb9, 0x0, 0x0, 0x5, 0xc0, 0x0,
    0x0, 0x1, 0x0, 0x0, 0xac, 0x0, 0x0, 0xf6,
    0x4f, 0x20, 0x5, 0xf1, 0xe, 0x70, 0xa, 0xa0,
    0x8, 0xc0, 0xf, 0x50, 0x2, 0xf1, 0x4e, 0x0,
    0x0, 0xc6, 0xa9, 0x0, 0x0, 0x7c, 0xf3, 0x0,
    0x0, 0x1f, 0xd0, 0x0, 0x0, 0xe, 0x80, 0x0,
    0x1, 0x7f, 0x10, 0x0, 0xf, 0xd5, 0x0, 0x0,

    /* U+0102 "Ă" */
    0x0, 0x0, 0x0, 0x0, 0x0, 0x0, 0xe, 0x21,
    0xe2, 0x0, 0x0, 0x5, 0xcd, 0x70, 0x0, 0x0,
    0x0, 0x0, 0x0, 0x0, 0x0, 0x0, 0xcf, 0x0,
    0x0, 0x0, 0x2, 0xff, 0x50, 0x0, 0x0, 0x8,
    0xc9, 0xb0, 0x0, 0x0, 0xe, 0x63, 0xf1, 0x0,
    0x0, 0x5f, 0x10, 0xd7, 0x0, 0x0, 0xba, 0x0,
    0x7d, 0x0, 0x1, 0xf4, 0x0, 0x2f, 0x40, 0x7,
    0xff, 0xff, 0xff, 0xa0, 0xd, 0xb2, 0x22, 0x29,
    0xf0, 0x3f, 0x30, 0x0, 0x1, 0xf6, 0x9d, 0x0,
    0x0, 0x0, 0xac,

    /* U+0103 "ă" */
    0x0, 0x0, 0x0, 0x0, 0x3, 0xe1, 0xc, 0x50,
    0x0, 0x7d, 0xd8, 0x0, 0x0, 0x0, 0x0, 0x0,
    0x2, 0xbf, 0xfb, 0x20, 0xd, 0xb3, 0x3b, 0xe0,
    0x4, 0x10, 0x3, 0xf2, 0x6, 0xdf, 0xff, 0xf2,
    0x3f, 0x60, 0x2, 0xf2, 0x6f, 0x0, 0x5, 0xf2,
    0x3f, 0x82, 0x5d, 0xf2, 0x6, 0xef, 0xb4, 0xf2,

    /* U+0110 "Đ" */
    0x8, 0xff, 0xff, 0xd9, 0x10, 0x0, 0x8e, 0x33,
    0x46, 0xde, 0x30, 0x8, 0xd0, 0x0, 0x0, 0xcd,
    0x0, 0x8d, 0x0, 0x0, 0x3, 0xf4, 0x8, 0xd0,
    0x0, 0x0, 0xf, 0x79, 0xff, 0xfd, 0x0, 0x0,
    0xe8, 0x1b, 0xf2, 0x20, 0x0, 0xf, 0x70, 0x8d,
    0x0, 0x0, 0x3, 0xf4, 0x8, 0xd0, 0x0, 0x0,
    0xcd, 0x0, 0x8e, 0x33, 0x46, 0xde, 0x30, 0x8,
    0xff, 0xff, 0xd9, 0x10, 0x0,

    /* U+0111 "đ" */
    0x0, 0x0, 0x0, 0x7e, 0x0, 0x0, 0x0, 0xef,
    0xfc, 0x0, 0x0, 0x0, 0x7e, 0x0, 0x1a, 0xfe,
    0x87, 0xe0, 0xc, 0xd4, 0x3a, 0xee, 0x4, 0xf3,
    0x0, 0xc, 0xe0, 0x7e, 0x0, 0x0, 0x7e, 0x7,
    0xe0, 0x0, 0x7, 0xe0, 0x4f, 0x30, 0x0, 0xce,
    0x0, 0xdd, 0x43, 0xae, 0xe0, 0x1, 0xaf, 0xe8,
    0x7e, 0x0,

    /* U+0128 "Ĩ" */
    0x2e, 0xb1, 0xe0, 0x68, 0x5e, 0xa0, 0x0, 0x0,
    0x0, 0x0, 0xe7, 0x0, 0x0, 0xe7, 0x0, 0x0,
    0xe7, 0x0, 0x0, 0xe7, 0x0, 0x0, 0xe7, 0x0,
    0x0, 0xe7, 0x0, 0x0, 0xe7, 0x0, 0x0, 0xe7,
    0x0, 0x0, 0xe7, 0x0, 0x0, 0xe7, 0x0, 0x0,
    0xe7, 0x0,

    /* U+0129 "ĩ" */
    0x5f, 0xa1, 0xea, 0x57, 0xe9, 0x0, 0x0, 0x0,
    0xf, 0x50, 0x0, 0xf5, 0x0, 0xf, 0x50, 0x0,
    0xf5, 0x0, 0xf, 0x50, 0x0, 0xf5, 0x0, 0xf,
    0x50, 0x0, 0xf5, 0x0,

    /* U+0168 "Ũ" */
    0x0, 0x4e, 0x93, 0xc0, 0x0, 0x0, 0xa5, 0x8e,
    0x60, 0x0, 0x0, 0x0, 0x0, 0x0, 0x0, 0xe7,
    0x0, 0x0, 0x5, 0xf0, 0xe7, 0x0, 0x0, 0x5,
    0xf0, 0xe7, 0x0, 0x0, 0x5, 0xf0, 0xe7, 0x0,
    0x0, 0x5, 0xf0, 0xe7, 0x0, 0x0, 0x5, 0xf0,
    0xe7, 0x0, 0x0, 0x5, 0xf0, 0xe8, 0x0, 0x0,
    0x5, 0xf0, 0xd9, 0x0, 0x0, 0x7, 0xf0, 0x9e,
    0x10, 0x0, 0xd, 0xc0, 0x1e, 0xe7, 0x46, 0xdf,
    0x30, 0x1, 0x9e, 0xfe, 0xa2, 0x0,

    /* U+0169 "ũ" */
    0x0, 0xbe, 0x57, 0x70, 0x1, 0xd2, 0xbe, 0x30,
    0x0, 0x0, 0x0, 0x0, 0x2f, 0x30, 0x0, 0xc8,
    0x2f, 0x30, 0x0, 0xc8, 0x2f, 0x30, 0x0, 0xc8,
    0x2f, 0x30, 0x0, 0xc8, 0x2f, 0x30, 0x0, 0xd8,
    0x1f, 0x40, 0x0, 0xf8, 0xd, 0xd4, 0x3b, 0xf8,
    0x2, 0xcf, 0xe6, 0xc8,

    /* U+01A0 "Ơ" */
    0x0, 0x0, 0x0, 0x0, 0xf, 0x40, 0x0, 0x0,
    0x0, 0x2, 0x9e, 0x0, 0x0, 0x7, 0xdf, 0xff,
    0xc1, 0x0, 0x0, 0xde, 0x84, 0x5a, 0xf9, 0x0,
    0x9, 0xf2, 0x0, 0x0, 0x6f, 0x50, 0x1f, 0x70,
    0x0, 0x0, 0xc, 0xb0, 0x3f, 0x30, 0x0, 0x0,
    0x7, 0xf0, 0x5f, 0x10, 0x0, 0x0, 0x6, 0xf0,
    0x3f, 0x30, 0x0, 0x0, 0x7, 0xf0, 0x1f, 0x70,
    0x0, 0x0, 0xc, 0xb0, 0xa, 0xe2, 0x0, 0x0,
    0x6f, 0x50, 0x1, 0xde, 0x84, 0x5a, 0xf9, 0x0,
    0x0, 0x7, 0xdf, 0xec, 0x50, 0x0,

    /* U+01A1 "ơ" */
    0x0, 0x0, 0x0, 0x3f, 0x0, 0x0, 0x0, 0x2b,
    0xa0, 0x0, 0x9e, 0xff, 0xa0, 0x0, 0xcd, 0x43,
    0x8f, 0x40, 0x4f, 0x30, 0x0, 0xbc, 0x7, 0xe0,
    0x0, 0x6, 0xf0, 0x7e, 0x0, 0x0, 0x6f, 0x4,
    0xf3, 0x0, 0xb, 0xc0, 0xc, 0xd5, 0x38, 0xf4,
    0x0, 0x9, 0xef, 0xc4, 0x0,

    /* U+01AF "Ư" */
    0x0, 0x0, 0x0, 0x0, 0xa, 0x80, 0x0, 0x0,
    0x0, 0x3, 0xf5, 0xe7, 0x0, 0x0, 0xa, 0xf5,
    0xe, 0x70, 0x0, 0x0, 0x5f, 0x0, 0xe7, 0x0,
    0x0, 0x5, 0xf0, 0xe, 0x70, 0x0, 0x0, 0x5f,
    0x0, 0xe7, 0x0, 0x0, 0x5, 0xf0, 0xe, 0x70,
    0x0, 0x0, 0x5f, 0x0, 0xe8, 0x0, 0x0, 0x5,
    0xf0, 0xd, 0x90, 0x0, 0x0, 0x7f, 0x0, 0x9e,
    0x10, 0x0, 0xd, 0xc0, 0x1, 0xee, 0x74, 0x6d,
    0xf3, 0x0, 0x1, 0x9e, 0xfe, 0xa2, 0x0, 0x0,

    /* U+01B0 "ư" */
    0x0, 0x0, 0x0, 0x1, 0xf1, 0x0, 0x0, 0x0,
    0x19, 0xd0, 0x2f, 0x30, 0x0, 0xff, 0x10, 0x2f,
    0x30, 0x0, 0xc8, 0x0, 0x2f, 0x30, 0x0, 0xc8,
    0x0, 0x2f, 0x30, 0x0, 0xc8, 0x0, 0x2f, 0x30,
    0x0, 0xd8, 0x0, 0x1f, 0x40, 0x0, 0xf8, 0x0,
    0xd, 0xd4, 0x3b, 0xf8, 0x0, 0x2, 0xcf, 0xe6,
    0xc8, 0x0,

    /* U+1EA0 "Ạ" */
    0x0, 0x0, 0xcf, 0x0, 0x0, 0x0, 0x2, 0xff,
    0x50, 0x0, 0x0, 0x8, 0xc9, 0xb0, 0x0, 0x0,
    0xe, 0x63, 0xf1, 0x0, 0x0, 0x5f, 0x10, 0xd7,
    0x0, 0x0, 0xba, 0x0, 0x7d, 0x0, 0x1, 0xf4,
    0x0, 0x2f, 0x40, 0x7, 0xff, 0xff, 0xff, 0xa0,
    0xd, 0xb2, 0x22, 0x29, 0xf0, 0x3f, 0x30, 0x0,
    0x1, 0xf6, 0x9d, 0x0, 0x0, 0x0, 0xac, 0x0,
    0x0, 0x0, 0x0, 0x0, 0x0, 0x0, 0x46, 0x0,
    0x0, 0x0, 0x0, 0x8b, 0x0, 0x0,

    /* U+1EA1 "ạ" */
    0x2, 0xbf, 0xfb, 0x20, 0xe, 0xa3, 0x3b, 0xe0,
    0x2, 0x0, 0x3, 0xf2, 0x6, 0xdf, 0xff, 0xf2,
    0x3f, 0x60, 0x2, 0xf2, 0x6f, 0x0, 0x5, 0xf2,
    0x3f, 0x82, 0x5d, 0xf2, 0x6, 0xef, 0xb4, 0xf2,
    0x0, 0x0, 0x0, 0x0, 0x0, 0x4, 0x60, 0x0,
    0x0, 0x9, 0xb0, 0x0,

    /* U+1EA2 "Ả" */
    0x0, 0x2, 0xdb, 0x0, 0x0, 0x0, 0x0, 0xd,
    0x10, 0x0, 0x0, 0x0, 0x11, 0x0, 0x0, 0x0,
    0x0, 0xcf, 0x0, 0x0, 0x0, 0x2, 0xff, 0x50,
    0x0, 0x0, 0x8, 0xc9, 0xb0, 0x0, 0x0, 0xe,
    0x63, 0xf1, 0x0, 0x0, 0x5f, 0x10, 0xd7, 0x0,
    0x0, 0xba, 0x0, 0x7d, 0x0, 0x1, 0xf4, 0x0,
    0x2f, 0x40, 0x7, 0xff, 0xff, 0xff, 0xa0, 0xd,
    0xb2, 0x22, 0x29, 0xf0, 0x3f, 0x30, 0x0, 0x1,
    0xf6, 0x9d, 0x0, 0x0, 0x0, 0xac,

    /* U+1EA3 "ả" */
    0x0, 0x3e, 0xc0, 0x0, 0x0, 0x0, 0xe1, 0x0,
    0x0, 0x1, 0x20, 0x0, 0x2, 0xbf, 0xfb, 0x20,
    0xe, 0xa3, 0x3b, 0xe0, 0x2, 0x0, 0x3, 0xf2,
    0x6, 0xdf, 0xff, 0xf2, 0x3f, 0x60, 0x2, 0xf2,
    0x6f, 0x0, 0x5, 0xf2, 0x3f, 0x82, 0x5d, 0xf2,
    0x6, 0xef, 0xb4, 0xf2,

    /* U+1EA4 "Ấ" */
    0x0, 0x0, 0x0, 0x16, 0x0, 0x0, 0x0, 0x0,
    0x61, 0x0, 0x0, 0x1, 0xdd, 0x30, 0x0, 0x0,
    0x6, 0x31, 0x70, 0x0, 0x0, 0x0, 0xcf, 0x0,
    0x0, 0x0, 0x2, 0xff, 0x50, 0x0, 0x0, 0x8,
    0xc9, 0xb0, 0x0, 0x0, 0xe, 0x63, 0xf1, 0x0,
    0x0, 0x5f, 0x10, 0xd7, 0x0, 0x0, 0xba, 0x0,
    0x7d, 0x0, 0x1, 0xf4, 0x0, 0x2f, 0x40, 0x7,
    0xff, 0xff, 0xff, 0xa0, 0xd, 0xb2, 0x22, 0x29,
    0xf0, 0x3f, 0x30, 0x0, 0x1, 0xf6, 0x9d, 0x0,
    0x0, 0x0, 0xac,

    /* U+1EA5 "ấ" */
    0x0, 0x0, 0x0, 0x46, 0x0, 0x0, 0x0, 0x1e,
    0x30, 0x0, 0x0, 0x3, 0x40, 0x0, 0x1, 0xde,
    0x20, 0x0, 0x0, 0xb6, 0x4d, 0x0, 0x0, 0x3,
    0x0, 0x31, 0x0, 0x2, 0xbf, 0xfb, 0x20, 0x0,
    0xea, 0x33, 0xbe, 0x0, 0x2, 0x0, 0x3, 0xf2,
    0x0, 0x6d, 0xff, 0xff, 0x20, 0x3f, 0x60, 0x2,
    0xf2, 0x6, 0xf0, 0x0, 0x5f, 0x20, 0x3f, 0x82,
    0x5d, 0xf2, 0x0, 0x6e, 0xfb, 0x4f, 0x20,

    /* U+1EA6 "Ầ" */
    0x0, 0x0, 0x6, 0x10, 0x0, 0x0, 0x0, 0x1,
    0x60, 0x0, 0x0, 0x1, 0xdd, 0x30, 0x0, 0x0,
    0x6, 0x31, 0x70, 0x0, 0x0, 0x0, 0xcf, 0x0,
    0x0, 0x0, 0x2, 0xff, 0x50, 0x0, 0x0, 0x8,
    0xc9, 0xb0, 0x0, 0x0, 0xe, 0x63, 0xf1, 0x0,
    0x0, 0x5f, 0x10, 0xd7, 0x0, 0x0, 0xba, 0x0,
    0x7d, 0x0, 0x1, 0xf4, 0x0, 0x2f, 0x40, 0x7,
    0xff, 0xff, 0xff, 0xa0, 0xd, 0xb2, 0x22, 0x29,
    0xf0, 0x3f, 0x30, 0x0, 0x1, 0xf6, 0x9d, 0x0,
    0x0, 0x0, 0xac,

    /* U+1EA7 "ầ" */
    0x0, 0x0, 0x82, 0x0, 0x0, 0x0, 0x8a, 0x0,
    0x0, 0x0, 0xb, 0x20, 0x0, 0x4e, 0xd1, 0x0,
    0x3, 0xd2, 0x6c, 0x0, 0x0, 0x0, 0x0, 0x0,
    0x2, 0xbf, 0xfb, 0x20, 0xe, 0xa3, 0x3b, 0xe0,
    0x2, 0x0, 0x3, 0xf2, 0x6, 0xdf, 0xff, 0xf2,
    0x3f, 0x60, 0x2, 0xf2, 0x6f, 0x0, 0x5, 0xf2,
    0x3f, 0x82, 0x5d, 0xf2, 0x6, 0xef, 0xb4, 0xf2,

    /* U+1EA8 "Ẩ" */
    0x0, 0x0, 0x6, 0xa0, 0x0, 0x0, 0x0, 0x0,
    0xc1, 0x0, 0x0, 0x1, 0xcc, 0x30, 0x0, 0x0,
    0x5, 0x31, 0x70, 0x0, 0x0, 0x0, 0xcf, 0x0,
    0x0, 0x0, 0x2, 0xff, 0x50, 0x0, 0x0, 0x8,
    0xc9, 0xb0, 0x0, 0x0, 0xe, 0x63, 0xf1, 0x0,
    0x0, 0x5f, 0x10, 0xd7, 0x0, 0x0, 0xba, 0x0,
    0x7d, 0x0, 0x1, 0xf4, 0x0, 0x2f, 0x40, 0x7,
    0xff, 0xff, 0xff, 0xa0, 0xd, 0xb2, 0x22, 0x29,
    0xf0, 0x3f, 0x30, 0x0, 0x1, 0xf6, 0x9d, 0x0,
    0x0, 0x0, 0xac,

    /* U+1EA9 "ẩ" */
    0x0, 0x0, 0x4e, 0x80, 0x0, 0x0, 0x2, 0xf0,
    0x0, 0x0, 0x5, 0x80, 0x0, 0x1d, 0xe2, 0x0,
    0x0, 0xb6, 0x4d, 0x0, 0x0, 0x30, 0x3, 0x10,
    0x2, 0xbf, 0xfb, 0x20, 0xe, 0xa3, 0x3b, 0xe0,
    0x2, 0x0, 0x3, 0xf2, 0x6, 0xdf, 0xff, 0xf2,
    0x3f, 0x60, 0x2, 0xf2, 0x6f, 0x0, 0x5, 0xf2,
    0x3f, 0x82, 0x5d, 0xf2, 0x6, 0xef, 0xb4, 0xf2,

    /* U+1EAA "Ẫ" */
    0x0, 0x8, 0xc2, 0xa2, 0x0, 0x0, 0xc, 0x1b,
    0xb0, 0x0, 0x0, 0x1, 0xaa, 0x20, 0x0, 0x0,
    0x5, 0x32, 0x70, 0x0, 0x0, 0x0, 0xcf, 0x0,
    0x0, 0x0, 0x2, 0xff, 0x50, 0x0, 0x0, 0x8,
    0xc9, 0xb0, 0x0, 0x0, 0xe, 0x63, 0xf1, 0x0,
    0x0, 0x5f, 0x10, 0xd7, 0x0, 0x0, 0xba, 0x0,
    0x7d, 0x0, 0x1, 0xf4, 0x0, 0x2f, 0x40, 0x7,
    0xff, 0xff, 0xff, 0xa0, 0xd, 0xb2, 0x22, 0x29,
    0xf0, 0x3f, 0x30, 0x0, 0x1, 0xf6, 0x9d, 0x0,
    0x0, 0x0, 0xac,

    /* U+1EAB "ẫ" */
    0x0, 0xdd, 0x38, 0x60, 0x4, 0xa2, 0xce, 0x20,
    0x0, 0x0, 0x0, 0x0, 0x0, 0x1d, 0xe2, 0x0,
    0x0, 0xb6, 0x4d, 0x0, 0x0, 0x30, 0x3, 0x10,
    0x2, 0xbf, 0xfb, 0x20, 0xe, 0xa3, 0x3b, 0xe0,
    0x2, 0x0, 0x3, 0xf2, 0x6, 0xdf, 0xff, 0xf2,
    0x3f, 0x60, 0x2, 0xf2, 0x6f, 0x0, 0x5, 0xf2,
    0x3f, 0x82, 0x5d, 0xf2, 0x6, 0xef, 0xb4, 0xf2,

    /* U+1EAC "Ậ" */
    0x0, 0x0, 0xce, 0x10, 0x0, 0x0, 0x8, 0x86,
    0xb0, 0x0, 0x0, 0x7, 0x0, 0x71, 0x0, 0x0,
    0x0, 0xcf, 0x0, 0x0, 0x0, 0x2, 0xff, 0x50,
    0x0, 0x0, 0x8, 0xc9, 0xb0, 0x0, 0x0, 0xe,
    0x63, 0xf1, 0x0, 0x0, 0x5f, 0x10, 0xd7, 0x0,
    0x0, 0xba, 0x0, 0x7d, 0x0, 0x1, 0xf4, 0x0,
    0x2f, 0x40, 0x7, 0xff, 0xff, 0xff, 0xa0, 0xd,
    0xb2, 0x22, 0x29, 0xf0, 0x3f, 0x30, 0x0, 0x1,
    0xf6, 0x9d, 0x0, 0x0, 0x0, 0xac, 0x0, 0x0,
    0x0, 0x0, 0x0, 0x0, 0x0, 0x46, 0x0, 0x0,
    0x0, 0x0, 0x8b, 0x0, 0x0,

    /* U+1EAD "ậ" */
    0x0, 0x1d, 0xe2, 0x0, 0x0, 0xb6, 0x5d, 0x0,
    0x0, 0x30, 0x3, 0x10, 0x2, 0xbf, 0xfb, 0x20,
    0xe, 0xa3, 0x3b, 0xe0, 0x2, 0x0, 0x3, 0xf2,
    0x6, 0xdf, 0xff, 0xf2, 0x3f, 0x60, 0x2, 0xf2,
    0x6f, 0x0, 0x5, 0xf2, 0x3f, 0x82, 0x5d, 0xf2,
    0x6, 0xef, 0xb4, 0xf2, 0x0, 0x0, 0x0, 0x0,
    0x0, 0x4, 0x60, 0x0, 0x0, 0x9, 0xb0, 0x0,

    /* U+1EAE "Ắ" */
    0x0, 0x0, 0x4, 0x40, 0x0, 0x0, 0x0, 0x15,
    0x10, 0x0, 0x0, 0xd, 0x10, 0xd1, 0x0, 0x0,
    0x4, 0xcc, 0x60, 0x0, 0x0, 0x0, 0xcf, 0x0,
    0x0, 0x0, 0x2, 0xff, 0x50, 0x0, 0x0, 0x8,
    0xc9, 0xb0, 0x0, 0x0, 0xe, 0x63, 0xf1, 0x0,
    0x0, 0x5f, 0x10, 0xd7, 0x0, 0x0, 0xba, 0x0,
    0x7d, 0x0, 0x1, 0xf4, 0x0, 0x2f, 0x40, 0x7,
    0xff, 0xff, 0xff, 0xa0, 0xd, 0xb2, 0x22, 0x29,
    0xf0, 0x3f, 0x30, 0x0, 0x1, 0xf6, 0x9d, 0x0,
    0x0, 0x0, 0xac,

    /* U+1EAF "ắ" */
    0x0, 0x0, 0x27, 0x0, 0x0, 0x0, 0xc5, 0x0,
    0x0, 0x2, 0x50, 0x0, 0x3, 0xe1, 0xc, 0x50,
    0x0, 0x7d, 0xd8, 0x0, 0x0, 0x0, 0x0, 0x0,
    0x2, 0xbf, 0xfb, 0x20, 0xd, 0xb3, 0x3b, 0xe0,
    0x4, 0x10, 0x3, 0xf2, 0x6, 0xdf, 0xff, 0xf2,
    0x3f, 0x60, 0x2, 0xf2, 0x6f, 0x0, 0x5, 0xf2,
    0x3f, 0x82, 0x5d, 0xf2, 0x6, 0xef, 0xb4, 0xf2,

    /* U+1EB0 "Ằ" */
    0x0, 0x2, 0x60, 0x0, 0x0, 0x0, 0x0, 0x43,
    0x10, 0x0, 0x0, 0xd, 0x10, 0xd1, 0x0, 0x0,
    0x4, 0xcc, 0x60, 0x0, 0x0, 0x0, 0xcf, 0x0,
    0x0, 0x0, 0x2, 0xff, 0x50, 0x0, 0x0, 0x8,
    0xc9, 0xb0, 0x0, 0x0, 0xe, 0x63, 0xf1, 0x0,
    0x0, 0x5f, 0x10, 0xd7, 0x0, 0x0, 0xba, 0x0,
    0x7d, 0x0, 0x1, 0xf4, 0x0, 0x2f, 0x40, 0x7,
    0xff, 0xff, 0xff, 0xa0, 0xd, 0xb2, 0x22, 0x29,
    0xf0, 0x3f, 0x30, 0x0, 0x1, 0xf6, 0x9d, 0x0,
    0x0, 0x0, 0xac,

    /* U+1EB1 "ằ" */
    0x0, 0x63, 0x0, 0x0, 0x0, 0x4d, 0x0, 0x0,
    0x0, 0x4, 0x30, 0x0, 0x3, 0xe1, 0xc, 0x50,
    0x0, 0x7d, 0xd8, 0x0, 0x0, 0x0, 0x0, 0x0,
    0x2, 0xbf, 0xfb, 0x20, 0xd, 0xb3, 0x3b, 0xe0,
    0x4, 0x10, 0x3, 0xf2, 0x6, 0xdf, 0xff, 0xf2,
    0x3f, 0x60, 0x2, 0xf2, 0x6f, 0x0, 0x5, 0xf2,
    0x3f, 0x82, 0x5d, 0xf2, 0x6, 0xef, 0xb4, 0xf2,

    /* U+1EB2 "Ẳ" */
    0x0, 0x0, 0xb5, 0x0, 0x0, 0x0, 0x3, 0x59,
    0x20, 0x0, 0x0, 0xd, 0x10, 0xd1, 0x0, 0x0,
    0x4, 0xcc, 0x50, 0x0, 0x0, 0x0, 0xcf, 0x0,
    0x0, 0x0, 0x2, 0xff, 0x50, 0x0, 0x0, 0x8,
    0xc9, 0xb0, 0x0, 0x0, 0xe, 0x63, 0xf1, 0x0,
    0x0, 0x5f, 0x10, 0xd7, 0x0, 0x0, 0xba, 0x0,
    0x7d, 0x0, 0x1, 0xf4, 0x0, 0x2f, 0x40, 0x7,
    0xff, 0xff, 0xff, 0xa0, 0xd, 0xb2, 0x22, 0x29,
    0xf0, 0x3f, 0x30, 0x0, 0x1, 0xf6, 0x9d, 0x0,
    0x0, 0x0, 0xac,

    /* U+1EB3 "ẳ" */
    0x0, 0x2d, 0xa0, 0x0, 0x0, 0x0, 0xf1, 0x0,
    0x0, 0x2, 0x40, 0x0, 0x3, 0xe1, 0xc, 0x50,
    0x0, 0x7d, 0xd8, 0x0, 0x0, 0x0, 0x0, 0x0,
    0x2, 0xbf, 0xfb, 0x20, 0xd, 0xb3, 0x3b, 0xe0,
    0x4, 0x10, 0x3, 0xf2, 0x6, 0xdf, 0xff, 0xf2,
    0x3f, 0x60, 0x2, 0xf2, 0x6f, 0x0, 0x5, 0xf2,
    0x3f, 0x82, 0x5d, 0xf2, 0x6, 0xef, 0xb4, 0xf2,

    /* U+1EB4 "Ẵ" */
    0x0, 0x8, 0xc2, 0xa2, 0x0, 0x0, 0xc, 0x1b,
    0xb0, 0x0, 0x0, 0x9, 0x0, 0x91, 0x0, 0x0,
    0x5, 0xcc, 0x70, 0x0, 0x0, 0x0, 0xcf, 0x0,
    0x0, 0x0, 0x2, 0xff, 0x50, 0x0, 0x0, 0x8,
    0xc9, 0xb0, 0x0, 0x0, 0xe, 0x63, 0xf1, 0x0,
    0x0, 0x5f, 0x10, 0xd7, 0x0, 0x0, 0xba, 0x0,
    0x7d, 0x0, 0x1, 0xf4, 0x0, 0x2f, 0x40, 0x7,
    0xff, 0xff, 0xff, 0xa0, 0xd, 0xb2, 0x22, 0x29,
    0xf0, 0x3f, 0x30, 0x0, 0x1, 0xf6, 0x9d, 0x0,
    0x0, 0x0, 0xac,

    /* U+1EB5 "ẵ" */
    0x0, 0xdd, 0x38, 0x60, 0x4, 0xa2, 0xcd, 0x20,
    0x0, 0x0, 0x0, 0x0, 0x3, 0xe1, 0xc, 0x50,
    0x0, 0x7d, 0xd8, 0x0, 0x0, 0x0, 0x0, 0x0,
    0x2, 0xbf, 0xfb, 0x20, 0xd, 0xb3, 0x3b, 0xe0,
    0x4, 0x10, 0x3, 0xf2, 0x6, 0xdf, 0xff, 0xf2,
    0x3f, 0x60, 0x2, 0xf2, 0x6f, 0x0, 0x5, 0xf2,
    0x3f, 0x82, 0x5d, 0xf2, 0x6, 0xef, 0xb4, 0xf2,

    /* U+1EB6 "Ặ" */
    0x0, 0x0, 0x0, 0x0, 0x0, 0x0, 0xe, 0x21,
    0xe2, 0x0, 0x0, 0x5, 0xcd, 0x70, 0x0, 0x0,
    0x0, 0x0, 0x0, 0x0, 0x0, 0x0, 0xcf, 0x0,
    0x0, 0x0, 0x2, 0xff, 0x50, 0x0, 0x0, 0x8,
    0xc9, 0xb0, 0x0, 0x0, 0xe, 0x63, 0xf1, 0x0,
    0x0, 0x5f, 0x10, 0xd7, 0x0, 0x0, 0xba, 0x0,
    0x7d, 0x0, 0x1, 0xf4, 0x0, 0x2f, 0x40, 0x7,
    0xff, 0xff, 0xff, 0xa0, 0xd, 0xb2, 0x22, 0x29,
    0xf0, 0x3f, 0x30, 0x0, 0x1, 0xf6, 0x9d, 0x0,
    0x0, 0x0, 0xac, 0x0, 0x0, 0x0, 0x0, 0x0,
    0x0, 0x0, 0x46, 0x0, 0x0, 0x0, 0x0, 0x8b,
    0x0, 0x0,

    /* U+1EB7 "ặ" */
    0x0, 0x0, 0x0, 0x0, 0x3, 0xe1, 0xc, 0x50,
    0x0, 0x7d, 0xd8, 0x0, 0x0, 0x0, 0x0, 0x0,
    0x2, 0xbf, 0xfb, 0x20, 0xd, 0xb3, 0x3b, 0xe0,
    0x4, 0x10, 0x3, 0xf2, 0x6, 0xdf, 0xff, 0xf2,
    0x3f, 0x60, 0x2, 0xf2, 0x6f, 0x0, 0x5, 0xf2,
    0x3f, 0x82, 0x5d, 0xf2, 0x6, 0xef, 0xb4, 0xf2,
    0x0, 0x0, 0x0, 0x0, 0x0, 0x4, 0x60, 0x0,
    0x0, 0x9, 0xb0, 0x0,

    /* U+1EB8 "Ẹ" */
    0xef, 0xff, 0xff, 0xf1, 0xe9, 0x33, 0x33, 0x30,
    0xe7, 0x0, 0x0, 0x0, 0xe7, 0x0, 0x0, 0x0,
    0xe7, 0x0, 0x0, 0x0, 0xef, 0xff, 0xff, 0xc0,
    0xe9, 0x22, 0x22, 0x20, 0xe7, 0x0, 0x0, 0x0,
    0xe7, 0x0, 0x0, 0x0, 0xe9, 0x33, 0x33, 0x30,
    0xef, 0xff, 0xff, 0xf1, 0x0, 0x0, 0x0, 0x0,
    0x0, 0x8, 0x10, 0x0, 0x0, 0x1e, 0x40, 0x0,

    /* U+1EB9 "ẹ" */
    0x0, 0x9e, 0xfc, 0x30, 0xc, 0xd4, 0x39, 0xf2,
    0x4f, 0x20, 0x0, 0xd8, 0x7f, 0xee, 0xee, 0xfb,
    0x7f, 0x11, 0x11, 0x11, 0x4f, 0x20, 0x0, 0x63,
    0xc, 0xd4, 0x38, 0xf2, 0x1, 0x9e, 0xfc, 0x30,
    0x0, 0x0, 0x0, 0x0, 0x0, 0x3, 0x70, 0x0,
    0x0, 0x6, 0xd0, 0x0,

    /* U+1EBA "Ẻ" */
    0x0, 0x8d, 0x50, 0x0, 0x0, 0x7, 0x90, 0x0,
    0x0, 0x2, 0x0, 0x0, 0xef, 0xff, 0xff, 0xf1,
    0xe9, 0x33, 0x33, 0x30, 0xe7, 0x0, 0x0, 0x0,
    0xe7, 0x0, 0x0, 0x0, 0xe7, 0x0, 0x0, 0x0,
    0xef, 0xff, 0xff, 0xc0, 0xe9, 0x22, 0x22, 0x20,
    0xe7, 0x0, 0x0, 0x0, 0xe7, 0x0, 0x0, 0x0,
    0xe9, 0x33, 0x33, 0x30, 0xef, 0xff, 0xff, 0xf1,

    /* U+1EBB "ẻ" */
    0x0, 0x1d, 0xd1, 0x0, 0x0, 0x0, 0xc3, 0x0,
    0x0, 0x1, 0x30, 0x0, 0x0, 0x9e, 0xfc, 0x30,
    0xc, 0xd4, 0x39, 0xf2, 0x4f, 0x20, 0x0, 0xd8,
    0x7f, 0xee, 0xee, 0xfb, 0x7f, 0x11, 0x11, 0x11,
    0x4f, 0x20, 0x0, 0x63, 0xc, 0xd4, 0x38, 0xf2,
    0x1, 0x9e, 0xfc, 0x30,

    /* U+1EBC "Ẽ" */
    0x4, 0xe9, 0x3c, 0x0, 0x9, 0x57, 0xe7, 0x0,
    0x0, 0x0, 0x0, 0x0, 0xef, 0xff, 0xff, 0xf1,
    0xe9, 0x33, 0x33, 0x30, 0xe7, 0x0, 0x0, 0x0,
    0xe7, 0x0, 0x0, 0x0, 0xe7, 0x0, 0x0, 0x0,
    0xef, 0xff, 0xff, 0xc0, 0xe9, 0x22, 0x22, 0x20,
    0xe7, 0x0, 0x0, 0x0, 0xe7, 0x0, 0x0, 0x0,
    0xe9, 0x33, 0x33, 0x30, 0xef, 0xff, 0xff, 0xf1,

    /* U+1EBD "ẽ" */
    0x0, 0xbe, 0x58, 0x70, 0x1, 0xd2, 0xbe, 0x20,
    0x0, 0x0, 0x0, 0x0, 0x0, 0x9e, 0xfc, 0x30,
    0xc, 0xd4, 0x39, 0xf2, 0x4f, 0x20, 0x0, 0xd8,
    0x7f, 0xee, 0xee, 0xfb, 0x7f, 0x11, 0x11, 0x11,
    0x4f, 0x20, 0x0, 0x63, 0xc, 0xd4, 0x38, 0xf2,
    0x1, 0x9e, 0xfc, 0x30,

    /* U+1EBE "Ế" */
    0x0, 0x0, 0x5, 0x30, 0x0, 0x0, 0x25, 0x0,
    0x0, 0x8e, 0xa0, 0x0, 0x2, 0x70, 0x53, 0x0,
    0xef, 0xff, 0xff, 0xf1, 0xe9, 0x33, 0x33, 0x30,
    0xe7, 0x0, 0x0, 0x0, 0xe7, 0x0, 0x0, 0x0,
    0xe7, 0x0, 0x0, 0x0, 0xef, 0xff, 0xff, 0xc0,
    0xe9, 0x22, 0x22, 0x20, 0xe7, 0x0, 0x0, 0x0,
    0xe7, 0x0, 0x0, 0x0, 0xe9, 0x33, 0x33, 0x30,
    0xef, 0xff, 0xff, 0xf1,

    /* U+1EBF "ế" */
    0x0, 0x0, 0x0, 0x37, 0x0, 0x0, 0x0, 0xd,
    0x50, 0x0, 0x0, 0x2, 0x50, 0x0, 0x0, 0xce,
    0x30, 0x0, 0x0, 0x98, 0x3d, 0x10, 0x0, 0x3,
    0x0, 0x21, 0x0, 0x0, 0x9e, 0xfc, 0x30, 0x0,
    0xcd, 0x43, 0x9f, 0x20, 0x4f, 0x20, 0x0, 0xd8,
    0x7, 0xfe, 0xee, 0xef, 0xb0, 0x7f, 0x11, 0x11,
    0x11, 0x4, 0xf2, 0x0, 0x6, 0x30, 0xc, 0xd4,
    0x38, 0xf2, 0x0, 0x19, 0xef, 0xc3, 0x0,

    /* U+1EC0 "Ề" */
    0x0, 0x3, 0x50, 0x0, 0x0, 0x0, 0x52, 0x0,
    0x0, 0x8e, 0xa0, 0x0, 0x2, 0x70, 0x53, 0x0,
    0xef, 0xff, 0xff, 0xf1, 0xe9, 0x33, 0x33, 0x30,
    0xe7, 0x0, 0x0, 0x0, 0xe7, 0x0, 0x0, 0x0,
    0xe7, 0x0, 0x0, 0x0, 0xef, 0xff, 0xff, 0xc0,
    0xe9, 0x22, 0x22, 0x20, 0xe7, 0x0, 0x0, 0x0,
    0xe7, 0x0, 0x0, 0x0, 0xe9, 0x33, 0x33, 0x30,
    0xef, 0xff, 0xff, 0xf1,

    /* U+1EC1 "ề" */
    0x0, 0x0, 0x73, 0x0, 0x0, 0x0, 0x6c, 0x0,
    0x0, 0x0, 0x9, 0x40, 0x0, 0x2d, 0xd1, 0x0,
    0x1, 0xd3, 0x4d, 0x10, 0x0, 0x0, 0x0, 0x0,
    0x0, 0x9e, 0xfc, 0x30, 0xc, 0xd4, 0x39, 0xf2,
    0x4f, 0x20, 0x0, 0xd8, 0x7f, 0xee, 0xee, 0xfb,
    0x7f, 0x11, 0x11, 0x11, 0x4f, 0x20, 0x0, 0x63,
    0xc, 0xd4, 0x38, 0xf2, 0x1, 0x9e, 0xfc, 0x30,

    /* U+1EC2 "Ể" */
    0x0, 0x0, 0xb5, 0x0, 0x0, 0x0, 0x68, 0x0,
    0x0, 0x7c, 0x90, 0x0, 0x1, 0x60, 0x53, 0x0,
    0xef, 0xff, 0xff, 0xf1, 0xe9, 0x33, 0x33, 0x30,
    0xe7, 0x0, 0x0, 0x0, 0xe7, 0x0, 0x0, 0x0,
    0xe7, 0x0, 0x0, 0x0, 0xef, 0xff, 0xff, 0xc0,
    0xe9, 0x22, 0x22, 0x20, 0xe7, 0x0, 0x0, 0x0,
    0xe7, 0x0, 0x0, 0x0, 0xe9, 0x33, 0x33, 0x30,
    0xef, 0xff, 0xff, 0xf1,

    /* U+1EC3 "ể" */
    0x0, 0x0, 0x3e, 0x90, 0x0, 0x0, 0x1, 0xf1,
    0x0, 0x0, 0x3, 0x90, 0x0, 0xc, 0xe3, 0x0,
    0x0, 0x98, 0x3d, 0x10, 0x0, 0x30, 0x2, 0x10,
    0x0, 0x9e, 0xfc, 0x30, 0xc, 0xd4, 0x39, 0xf2,
    0x4f, 0x20, 0x0, 0xd8, 0x7f, 0xee, 0xee, 0xfb,
    0x7f, 0x11, 0x11, 0x11, 0x4f, 0x20, 0x0, 0x63,
    0xc, 0xd4, 0x38, 0xf2, 0x1, 0x9e, 0xfc, 0x30,

    /* U+1EC4 "Ễ" */
    0x2, 0xd8, 0x39, 0x0, 0x6, 0x66, 0xd4, 0x0,
    0x0, 0x5b, 0x70, 0x0, 0x1, 0x70, 0x63, 0x0,
    0xef, 0xff, 0xff, 0xf1, 0xe9, 0x33, 0x33, 0x30,
    0xe7, 0x0, 0x0, 0x0, 0xe7, 0x0, 0x0, 0x0,
    0xe7, 0x0, 0x0, 0x0, 0xef, 0xff, 0xff, 0xc0,
    0xe9, 0x22, 0x22, 0x20, 0xe7, 0x0, 0x0, 0x0,
    0xe7, 0x0, 0x0, 0x0, 0xe9, 0x33, 0x33, 0x30,
    0xef, 0xff, 0xff, 0xf1,

    /* U+1EC5 "ễ" */
    0x0, 0xcd, 0x56, 0x80, 0x2, 0xc2, 0xbe, 0x30,
    0x0, 0x0, 0x0, 0x0, 0x0, 0xc, 0xe3, 0x0,
    0x0, 0x98, 0x3d, 0x10, 0x0, 0x30, 0x2, 0x10,
    0x0, 0x9e, 0xfc, 0x30, 0xc, 0xd4, 0x39, 0xf2,
    0x4f, 0x20, 0x0, 0xd8, 0x7f, 0xee, 0xee, 0xfb,
    0x7f, 0x11, 0x11, 0x11, 0x4f, 0x20, 0x0, 0x63,
    0xc, 0xd4, 0x38, 0xf2, 0x1, 0x9e, 0xfc, 0x30,

    /* U+1EC6 "Ệ" */
    0x0, 0x5e, 0x80, 0x0, 0x1, 0xe2, 0xd3, 0x0,
    0x4, 0x40, 0x35, 0x0, 0xef, 0xff, 0xff, 0xf1,
    0xe9, 0x33, 0x33, 0x30, 0xe7, 0x0, 0x0, 0x0,
    0xe7, 0x0, 0x0, 0x0, 0xe7, 0x0, 0x0, 0x0,
    0xef, 0xff, 0xff, 0xc0, 0xe9, 0x22, 0x22, 0x20,
    0xe7, 0x0, 0x0, 0x0, 0xe7, 0x0, 0x0, 0x0,
    0xe9, 0x33, 0x33, 0x30, 0xef, 0xff, 0xff, 0xf1,
    0x0, 0x0, 0x0, 0x0, 0x0, 0x8, 0x10, 0x0,
    0x0, 0x1e, 0x40, 0x0,

    /* U+1EC7 "ệ" */
    0x0, 0xc, 0xe3, 0x0, 0x0, 0x98, 0x3d, 0x10,
    0x0, 0x30, 0x2, 0x10, 0x0, 0x9e, 0xfc, 0x30,
    0xc, 0xd4, 0x39, 0xf2, 0x4f, 0x20, 0x0, 0xd8,
    0x7f, 0xee, 0xee, 0xfb, 0x7f, 0x11, 0x11, 0x11,
    0x4f, 0x20, 0x0, 0x63, 0xc, 0xd4, 0x38, 0xf2,
    0x1, 0x9e, 0xfc, 0x30, 0x0, 0x0, 0x0, 0x0,
    0x0, 0x3, 0x70, 0x0, 0x0, 0x6, 0xd0, 0x0,

    /* U+1EC8 "Ỉ" */
    0x5d, 0x80, 0x3c, 0x2, 0x0, 0xe7, 0xe, 0x70,
    0xe7, 0xe, 0x70, 0xe7, 0xe, 0x70, 0xe7, 0xe,
    0x70, 0xe7, 0xe, 0x70, 0xe7,

    /* U+1EC9 "ỉ" */
    0x8e, 0x70, 0x6a, 0x2, 0x0, 0xf5, 0xf, 0x50,
    0xf5, 0xf, 0x50, 0xf5, 0xf, 0x50, 0xf5, 0xf,
    0x50,

    /* U+1ECA "Ị" */
    0xe, 0x70, 0xe7, 0xe, 0x70, 0xe7, 0xe, 0x70,
    0xe7, 0xe, 0x70, 0xe7, 0xe, 0x70, 0xe7, 0xe,
    0x70, 0x0, 0x7, 0x30, 0xd7,

    /* U+1ECB "ị" */
    0x1e, 0x40, 0x82, 0x0, 0x0, 0xf5, 0xf, 0x50,
    0xf5, 0xf, 0x50, 0xf5, 0xf, 0x50, 0xf5, 0xf,
    0x50, 0x0, 0x8, 0x21, 0xe5,

    /* U+1ECC "Ọ" */
    0x0, 0x7, 0xdf, 0xec, 0x50, 0x0, 0x0, 0xde,
    0x84, 0x5a, 0xf9, 0x0, 0x9, 0xf2, 0x0, 0x0,
    0x6f, 0x50, 0x1f, 0x70, 0x0, 0x0, 0xc, 0xb0,
    0x3f, 0x30, 0x0, 0x0, 0x7, 0xf0, 0x5f, 0x10,
    0x0, 0x0, 0x6, 0xf0, 0x3f, 0x30, 0x0, 0x0,
    0x7, 0xf0, 0x1f, 0x70, 0x0, 0x0, 0xc, 0xb0,
    0xa, 0xe2, 0x0, 0x0, 0x6f, 0x50, 0x1, 0xde,
    0x84, 0x5a, 0xf9, 0x0, 0x0, 0x7, 0xdf, 0xec,
    0x50, 0x0, 0x0, 0x0, 0x0, 0x0, 0x0, 0x0,
    0x0, 0x0, 0x7, 0x40, 0x0, 0x0, 0x0, 0x0,
    0xc, 0x70, 0x0, 0x0,

    /* U+1ECD "ọ" */
    0x0, 0x9e, 0xfc, 0x40, 0x0, 0xcd, 0x43, 0x8f,
    0x40, 0x4f, 0x30, 0x0, 0xbc, 0x7, 0xe0, 0x0,
    0x6, 0xf0, 0x7e, 0x0, 0x0, 0x6f, 0x4, 0xf3,
    0x0, 0xb, 0xc0, 0xc, 0xd5, 0x38, 0xf4, 0x0,
    0x9, 0xef, 0xc4, 0x0, 0x0, 0x0, 0x0, 0x0,
    0x0, 0x0, 0x37, 0x0, 0x0, 0x0, 0x6, 0xd0,
    0x0, 0x0,

    /* U+1ECE "Ỏ" */
    0x0, 0x0, 0x5d, 0x80, 0x0, 0x0, 0x0, 0x0,
    0x2, 0xe0, 0x0, 0x0, 0x0, 0x0, 0x2, 0x20,
    0x0, 0x0, 0x0, 0x7, 0xdf, 0xec, 0x50, 0x0,
    0x0, 0xde, 0x84, 0x5a, 0xf9, 0x0, 0x9, 0xf2,
    0x0, 0x0, 0x6f, 0x50, 0x1f, 0x70, 0x0, 0x0,
    0xc, 0xb0, 0x3f, 0x30, 0x0, 0x0, 0x7, 0xf0,
    0x5f, 0x10, 0x0, 0x0, 0x6, 0xf0, 0x3f, 0x30,
    0x0, 0x0, 0x7, 0xf0, 0x1f, 0x70, 0x0, 0x0,
    0xc, 0xb0, 0xa, 0xe2, 0x0, 0x0, 0x6f, 0x50,
    0x1, 0xde, 0x84, 0x5a, 0xf9, 0x0, 0x0, 0x7,
    0xdf, 0xec, 0x50, 0x0,

    /* U+1ECF "ỏ" */
    0x0, 0xd, 0xd2, 0x0, 0x0, 0x0, 0xc, 0x40,
    0x0, 0x0, 0x1, 0x30, 0x0, 0x0, 0x9, 0xef,
    0xc4, 0x0, 0xc, 0xd4, 0x38, 0xf4, 0x4, 0xf3,
    0x0, 0xb, 0xc0, 0x7e, 0x0, 0x0, 0x6f, 0x7,
    0xe0, 0x0, 0x6, 0xf0, 0x4f, 0x30, 0x0, 0xbc,
    0x0, 0xcd, 0x53, 0x8f, 0x40, 0x0, 0x9e, 0xfc,
    0x40, 0x0,

    /* U+1ED0 "Ố" */
    0x0, 0x0, 0x0, 0x8, 0x90, 0x0, 0x0, 0x0,
    0x0, 0x16, 0x0, 0x0, 0x0, 0x0, 0x4a, 0xb1,
    0x0, 0x0, 0x0, 0x0, 0x70, 0x35, 0x0, 0x0,
    0x0, 0x7, 0xdf, 0xec, 0x50, 0x0, 0x0, 0xde,
    0x84, 0x5a, 0xf9, 0x0, 0x9, 0xf2, 0x0, 0x0,
    0x6f, 0x50, 0x1f, 0x70, 0x0, 0x0, 0xc, 0xb0,
    0x3f, 0x30, 0x0, 0x0, 0x7, 0xf0, 0x5f, 0x10,
    0x0, 0x0, 0x6, 0xf0, 0x3f, 0x30, 0x0, 0x0,
    0x7, 0xf0, 0x1f, 0x70, 0x0, 0x0, 0xc, 0xb0,
    0xa, 0xe2, 0x0, 0x0, 0x6f, 0x50, 0x1, 0xde,
    0x84, 0x5a, 0xf9, 0x0, 0x0, 0x7, 0xdf, 0xec,
    0x50, 0x0,

    /* U+1ED1 "ố" */
    0x0, 0x0, 0x0, 0x27, 0x0, 0x0, 0x0, 0xc,
    0x60, 0x0, 0x0, 0x2, 0x60, 0x0, 0x0, 0xce,
    0x40, 0x0, 0x0, 0x99, 0x2e, 0x20, 0x0, 0x3,
    0x0, 0x22, 0x0, 0x0, 0x9e, 0xfc, 0x40, 0x0,
    0xcd, 0x43, 0x8f, 0x40, 0x4f, 0x30, 0x0, 0xbc,
    0x7, 0xe0, 0x0, 0x6, 0xf0, 0x7e, 0x0, 0x0,
    0x6f, 0x4, 0xf3, 0x0, 0xb, 0xc0, 0xc, 0xd5,
    0x38, 0xf4, 0x0, 0x9, 0xef, 0xc4, 0x0,

    /* U+1ED2 "Ồ" */
    0x0, 0x0, 0x2, 0xd2, 0x0, 0x0, 0x0, 0x0,
    0x0, 0x15, 0x0, 0x0, 0x0, 0x0, 0x4a, 0xb1,
    0x0, 0x0, 0x0, 0x0, 0x70, 0x35, 0x0, 0x0,
    0x0, 0x7, 0xdf, 0xec, 0x50, 0x0, 0x0, 0xde,
    0x84, 0x5a, 0xf9, 0x0, 0x9, 0xf2, 0x0, 0x0,
    0x6f, 0x50, 0x1f, 0x70, 0x0, 0x0, 0xc, 0xb0,
    0x3f, 0x30, 0x0, 0x0, 0x7, 0xf0, 0x5f, 0x10,
    0x0, 0x0, 0x6, 0xf0, 0x3f, 0x30, 0x0, 0x0,
    0x7, 0xf0, 0x1f, 0x70, 0x0, 0x0, 0xc, 0xb0,
    0xa, 0xe2, 0x0, 0x0, 0x6f, 0x50, 0x1, 0xde,
    0x84, 0x5a, 0xf9, 0x0, 0x0, 0x7, 0xdf, 0xec,
    0x50, 0x0,

    /* U+1ED3 "ồ" */
    0x0, 0x0, 0x73, 0x0, 0x0, 0x0, 0x5, 0xd0,
    0x0, 0x0, 0x0, 0x8, 0x40, 0x0, 0x2, 0xdd,
    0x20, 0x0, 0x1, 0xd4, 0x3d, 0x10, 0x0, 0x0,
    0x0, 0x0, 0x0, 0x0, 0x9e, 0xfc, 0x40, 0x0,
    0xcd, 0x43, 0x8f, 0x40, 0x4f, 0x30, 0x0, 0xbc,
    0x7, 0xe0, 0x0, 0x6, 0xf0, 0x7e, 0x0, 0x0,
    0x6f, 0x4, 0xf3, 0x0, 0xb, 0xc0, 0xc, 0xd5,
    0x38, 0xf4, 0x0, 0x9, 0xef, 0xc4, 0x0,

    /* U+1ED4 "Ổ" */
    0x0, 0x0, 0x0, 0xab, 0x0, 0x0, 0x0, 0x0,
    0x1, 0x19, 0x0, 0x0, 0x0, 0x0, 0x4d, 0xd1,
    0x0, 0x0, 0x0, 0x0, 0x81, 0x46, 0x0, 0x0,
    0x0, 0x7, 0xdf, 0xec, 0x50, 0x0, 0x0, 0xde,
    0x84, 0x5a, 0xf9, 0x0, 0x9, 0xf2, 0x0, 0x0,
    0x6f, 0x50, 0x1f, 0x70, 0x0, 0x0, 0xc, 0xb0,
    0x3f, 0x30, 0x0, 0x0, 0x7, 0xf0, 0x5f, 0x10,
    0x0, 0x0, 0x6, 0xf0, 0x3f, 0x30, 0x0, 0x0,
    0x7, 0xf0, 0x1f, 0x70, 0x0, 0x0, 0xc, 0xb0,
    0xa, 0xe2, 0x0, 0x0, 0x6f, 0x50, 0x1, 0xde,
    0x84, 0x5a, 0xf9, 0x0, 0x0, 0x7, 0xdf, 0xec,
    0x50, 0x0,

    /* U+1ED5 "ổ" */
    0x0, 0x0, 0x2e, 0xa0, 0x0, 0x0, 0x0, 0xf,
    0x20, 0x0, 0x0, 0x2, 0xa0, 0x0, 0x0, 0xce,
    0x40, 0x0, 0x0, 0x99, 0x2e, 0x20, 0x0, 0x3,
    0x0, 0x22, 0x0, 0x0, 0x9e, 0xfc, 0x40, 0x0,
    0xcd, 0x43, 0x8f, 0x40, 0x4f, 0x30, 0x0, 0xbc,
    0x7, 0xe0, 0x0, 0x6, 0xf0, 0x7e, 0x0, 0x0,
    0x6f, 0x4, 0xf3, 0x0, 0xb, 0xc0, 0xc, 0xd5,
    0x38, 0xf4, 0x0, 0x9, 0xef, 0xc4, 0x0,

    /* U+1ED6 "Ỗ" */
    0x0, 0x0, 0xba, 0x1c, 0x0, 0x0, 0x0, 0x2,
    0xa3, 0xc8, 0x0, 0x0, 0x0, 0x0, 0x2b, 0x90,
    0x0, 0x0, 0x0, 0x0, 0x92, 0x56, 0x0, 0x0,
    0x0, 0x7, 0xdf, 0xec, 0x50, 0x0, 0x0, 0xde,
    0x84, 0x5a, 0xf9, 0x0, 0x9, 0xf2, 0x0, 0x0,
    0x6f, 0x50, 0x1f, 0x70, 0x0, 0x0, 0xc, 0xb0,
    0x3f, 0x30, 0x0, 0x0, 0x7, 0xf0, 0x5f, 0x10,
    0x0, 0x0, 0x6, 0xf0, 0x3f, 0x30, 0x0, 0x0,
    0x7, 0xf0, 0x1f, 0x70, 0x0, 0x0, 0xc, 0xb0,
    0xa, 0xe2, 0x0, 0x0, 0x6f, 0x50, 0x1, 0xde,
    0x84, 0x5a, 0xf9, 0x0, 0x0, 0x7, 0xdf, 0xec,
    0x50, 0x0,

    /* U+1ED7 "ỗ" */
    0x0, 0xbe, 0x56, 0x90, 0x0, 0x1d, 0x1a, 0xe4,
    0x0, 0x0, 0x0, 0x0, 0x0, 0x0, 0x0, 0xce,
    0x40, 0x0, 0x0, 0x99, 0x2e, 0x20, 0x0, 0x3,
    0x0, 0x22, 0x0, 0x0, 0x9e, 0xfc, 0x40, 0x0,
    0xcd, 0x43, 0x8f, 0x40, 0x4f, 0x30, 0x0, 0xbc,
    0x7, 0xe0, 0x0, 0x6, 0xf0, 0x7e, 0x0, 0x0,
    0x6f, 0x4, 0xf3, 0x0, 0xb, 0xc0, 0xc, 0xd5,
    0x38, 0xf4, 0x0, 0x9, 0xef, 0xc4, 0x0,

    /* U+1ED8 "Ộ" */
    0x0, 0x0, 0x2e, 0xc0, 0x0, 0x0, 0x0, 0x0,
    0xb5, 0xa7, 0x0, 0x0, 0x0, 0x2, 0x60, 0x17,
    0x0, 0x0, 0x0, 0x7, 0xdf, 0xec, 0x50, 0x0,
    0x0, 0xde, 0x84, 0x5a, 0xf9, 0x0, 0x9, 0xf2,
    0x0, 0x0, 0x6f, 0x50, 0x1f, 0x70, 0x0, 0x0,
    0xc, 0xb0, 0x3f, 0x30, 0x0, 0x0, 0x7, 0xf0,
    0x5f, 0x10, 0x0, 0x0, 0x6, 0xf0, 0x3f, 0x30,
    0x0, 0x0, 0x7, 0xf0, 0x1f, 0x70, 0x0, 0x0,
    0xc, 0xb0, 0xa, 0xe2, 0x0, 0x0, 0x6f, 0x50,
    0x1, 0xde, 0x84, 0x5a, 0xf9, 0x0, 0x0, 0x7,
    0xdf, 0xec, 0x50, 0x0, 0x0, 0x0, 0x0, 0x0,
    0x0, 0x0, 0x0, 0x0, 0x7, 0x40, 0x0, 0x0,
    0x0, 0x0, 0xc, 0x70, 0x0, 0x0,

    /* U+1ED9 "ộ" */
    0x0, 0xc, 0xe4, 0x0, 0x0, 0x8, 0xa2, 0xe1,
    0x0, 0x0, 0x30, 0x2, 0x20, 0x0, 0x9, 0xef,
    0xc4, 0x0, 0xc, 0xd4, 0x38, 0xf4, 0x4, 0xf3,
    0x0, 0xb, 0xc0, 0x7e, 0x0, 0x0, 0x6f, 0x7,
    0xe0, 0x0, 0x6, 0xf0, 0x4f, 0x30, 0x0, 0xbc,
    0x0, 0xcd, 0x53, 0x8f, 0x40, 0x0, 0x9e, 0xfc,
    0x40, 0x0, 0x0, 0x0, 0x0, 0x0, 0x0, 0x3,
    0x70, 0x0, 0x0, 0x0, 0x6d, 0x0, 0x0,

    /* U+1EDA "Ớ" */
    0x0, 0x0, 0x3, 0xe2, 0x0, 0x0, 0x0, 0x0,
    0xd, 0x40, 0xf, 0x40, 0x0, 0x0, 0x0, 0x2,
    0x9e, 0x0, 0x0, 0x7, 0xdf, 0xff, 0xc1, 0x0,
    0x0, 0xde, 0x84, 0x5a, 0xf9, 0x0, 0x9, 0xf2,
    0x0, 0x0, 0x6f, 0x50, 0x1f, 0x70, 0x0, 0x0,
    0xc, 0xb0, 0x3f, 0x30, 0x0, 0x0, 0x7, 0xf0,
    0x5f, 0x10, 0x0, 0x0, 0x6, 0xf0, 0x3f, 0x30,
    0x0, 0x0, 0x7, 0xf0, 0x1f, 0x70, 0x0, 0x0,
    0xc, 0xb0, 0xa, 0xe2, 0x0, 0x0, 0x6f, 0x50,
    0x1, 0xde, 0x84, 0x5a, 0xf9, 0x0, 0x0, 0x7,
    0xdf, 0xec, 0x50, 0x0,

    /* U+1EDB "ớ" */
    0x0, 0x2, 0xf4, 0x0, 0x0, 0x0, 0xb7, 0x3,
    0xf0, 0x0, 0x3, 0x2, 0xba, 0x0, 0x9, 0xef,
    0xfa, 0x0, 0xc, 0xd4, 0x38, 0xf4, 0x4, 0xf3,
    0x0, 0xb, 0xc0, 0x7e, 0x0, 0x0, 0x6f, 0x7,
    0xe0, 0x0, 0x6, 0xf0, 0x4f, 0x30, 0x0, 0xbc,
    0x0, 0xcd, 0x53, 0x8f, 0x40, 0x0, 0x9e, 0xfc,
    0x40, 0x0,

    /* U+1EDC "Ờ" */
    0x0, 0x0, 0xb9, 0x0, 0x0, 0x0, 0x0, 0x0,
    0xd, 0x30, 0xf, 0x40, 0x0, 0x0, 0x0, 0x2,
    0x9e, 0x0, 0x0, 0x7, 0xdf, 0xff, 0xc1, 0x0,
    0x0, 0xde, 0x84, 0x5a, 0xf9, 0x0, 0x9, 0xf2,
    0x0, 0x0, 0x6f, 0x50, 0x1f, 0x70, 0x0, 0x0,
    0xc, 0xb0, 0x3f, 0x30, 0x0, 0x0, 0x7, 0xf0,
    0x5f, 0x10, 0x0, 0x0, 0x6, 0xf0, 0x3f, 0x30,
    0x0, 0x0, 0x7, 0xf0, 0x1f, 0x70, 0x0, 0x0,
    0xc, 0xb0, 0xa, 0xe2, 0x0, 0x0, 0x6f, 0x50,
    0x1, 0xde, 0x84, 0x5a, 0xf9, 0x0, 0x0, 0x7,
    0xdf, 0xec, 0x50, 0x0,

    /* U+1EDD "ờ" */
    0x0, 0xc8, 0x0, 0x0, 0x0, 0x2, 0xe2, 0x3,
    0xf0, 0x0, 0x2, 0x22, 0xba, 0x0, 0x9, 0xef,
    0xfa, 0x0, 0xc, 0xd4, 0x38, 0xf4, 0x4, 0xf3,
    0x0, 0xb, 0xc0, 0x7e, 0x0, 0x0, 0x6f, 0x7,
    0xe0, 0x0, 0x6, 0xf0, 0x4f, 0x30, 0x0, 0xbc,
    0x0, 0xcd, 0x53, 0x8f, 0x40, 0x0, 0x9e, 0xfc,
    0x40, 0x0,

    /* U+1EDE "Ở" */
    0x0, 0x0, 0xad, 0x30, 0x0, 0x0, 0x0, 0x0,
    0x8, 0x70, 0xd, 0x30, 0x0, 0x0, 0x4, 0x2,
    0x9e, 0x0, 0x0, 0x7, 0xdf, 0xff, 0xd1, 0x0,
    0x0, 0xde, 0x84, 0x5a, 0xf9, 0x0, 0x9, 0xf2,
    0x0, 0x0, 0x6f, 0x50, 0x1f, 0x70, 0x0, 0x0,
    0xc, 0xb0, 0x3f, 0x30, 0x0, 0x0, 0x7, 0xf0,
    0x5f, 0x10, 0x0, 0x0, 0x6, 0xf0, 0x3f, 0x30,
    0x0, 0x0, 0x7, 0xf0, 0x1f, 0x70, 0x0, 0x0,
    0xc, 0xb0, 0xa, 0xe2, 0x0, 0x0, 0x6f, 0x50,
    0x1, 0xde, 0x84, 0x5a, 0xf9, 0x0, 0x0, 0x7,
    0xdf, 0xec, 0x50, 0x0,

    /* U+1EDF "ở" */
    0x0, 0xae, 0x50, 0x0, 0x0, 0x0, 0x78, 0x3,
    0xd0, 0x0, 0x4, 0x2, 0xba, 0x0, 0x9, 0xef,
    0xfa, 0x0, 0xc, 0xd4, 0x38, 0xf4, 0x4, 0xf3,
    0x0, 0xb, 0xc0, 0x7e, 0x0, 0x0, 0x6f, 0x7,
    0xe0, 0x0, 0x6, 0xf0, 0x4f, 0x30, 0x0, 0xbc,
    0x0, 0xcd, 0x53, 0x8f, 0x40, 0x0, 0x9e, 0xfc,
    0x40, 0x0,

    /* U+1EE0 "Ỡ" */
    0x0, 0x3, 0xe8, 0x67, 0x1, 0x30, 0x0, 0x8,
    0x59, 0xe3, 0x8, 0xb0, 0x0, 0x0, 0x0, 0x1,
    0x6f, 0x50, 0x0, 0x7, 0xdf, 0xff, 0xd3, 0x0,
    0x0, 0xde, 0x84, 0x5a, 0xf9, 0x0, 0x9, 0xf2,
    0x0, 0x0, 0x6f, 0x50, 0x1f, 0x70, 0x0, 0x0,
    0xc, 0xb0, 0x3f, 0x30, 0x0, 0x0, 0x7, 0xf0,
    0x5f, 0x10, 0x0, 0x0, 0x6, 0xf0, 0x3f, 0x30,
    0x0, 0x0, 0x7, 0xf0, 0x1f, 0x70, 0x0, 0x0,
    0xc, 0xb0, 0xa, 0xe2, 0x0, 0x0, 0x6f, 0x50,
    0x1, 0xde, 0x84, 0x5a, 0xf9, 0x0, 0x0, 0x7,
    0xdf, 0xec, 0x50, 0x0,

    /* U+1EE1 "ỡ" */
    0x0, 0xcc, 0x2c, 0x1, 0x20, 0x1c, 0x4e, 0x70,
    0x9a, 0x0, 0x0, 0x1, 0x5f, 0x40, 0x9, 0xef,
    0xfd, 0x30, 0xc, 0xd4, 0x38, 0xf4, 0x4, 0xf3,
    0x0, 0xb, 0xc0, 0x7e, 0x0, 0x0, 0x6f, 0x7,
    0xe0, 0x0, 0x6, 0xf0, 0x4f, 0x30, 0x0, 0xbc,
    0x0, 0xcd, 0x53, 0x8f, 0x40, 0x0, 0x9e, 0xfc,
    0x40, 0x0,

    /* U+1EE2 "Ợ" */
    0x0, 0x0, 0x0, 0x0, 0xf, 0x40, 0x0, 0x0,
    0x0, 0x2, 0x9e, 0x0, 0x0, 0x7, 0xdf, 0xff,
    0xc1, 0x0, 0x0, 0xde, 0x84, 0x5a, 0xf9, 0x0,
    0x9, 0xf2, 0x0, 0x0, 0x6f, 0x50, 0x1f, 0x70,
    0x0, 0x0, 0xc, 0xb0, 0x3f, 0x30, 0x0, 0x0,
    0x7, 0xf0, 0x5f, 0x10, 0x0, 0x0, 0x6, 0xf0,
    0x3f, 0x30, 0x0, 0x0, 0x7, 0xf0, 0x1f, 0x70,
    0x0, 0x0, 0xc, 0xb0, 0xa, 0xe2, 0x0, 0x0,
    0x6f, 0x50, 0x1, 0xde, 0x84, 0x5a, 0xf9, 0x0,
    0x0, 0x7, 0xdf, 0xec, 0x50, 0x0, 0x0, 0x0,
    0x0, 0x0, 0x0, 0x0, 0x0, 0x0, 0x7, 0x40,
    0x0, 0x0, 0x0, 0x0, 0xc, 0x70, 0x0, 0x0,

    /* U+1EE3 "ợ" */
    0x0, 0x0, 0x0, 0x3f, 0x0, 0x0, 0x0, 0x2b,
    0xa0, 0x0, 0x9e, 0xff, 0xa0, 0x0, 0xcd, 0x43,
    0x8f, 0x40, 0x4f, 0x30, 0x0, 0xbc, 0x7, 0xe0,
    0x0, 0x6, 0xf0, 0x7e, 0x0, 0x0, 0x6f, 0x4,
    0xf3, 0x0, 0xb, 0xc0, 0xc, 0xd5, 0x38, 0xf4,
    0x0, 0x9, 0xef, 0xc4, 0x0, 0x0, 0x0, 0x0,
    0x0, 0x0, 0x0, 0x37, 0x0, 0x0, 0x0, 0x6,
    0xd0, 0x0, 0x0,

    /* U+1EE4 "Ụ" */
    0xe7, 0x0, 0x0, 0x5, 0xf0, 0xe7, 0x0, 0x0,
    0x5, 0xf0, 0xe7, 0x0, 0x0, 0x5, 0xf0, 0xe7,
    0x0, 0x0, 0x5, 0xf0, 0xe7, 0x0, 0x0, 0x5,
    0xf0, 0xe7, 0x0, 0x0, 0x5, 0xf0, 0xe8, 0x0,
    0x0, 0x5, 0xf0, 0xd9, 0x0, 0x0, 0x7, 0xf0,
    0x9e, 0x10, 0x0, 0xd, 0xc0, 0x1e, 0xe7, 0x46,
    0xdf, 0x30, 0x1, 0x9e, 0xfe, 0xa2, 0x0, 0x0,
    0x0, 0x0, 0x0, 0x0, 0x0, 0x0, 0x81, 0x0,
    0x0, 0x0, 0x2, 0xe3, 0x0, 0x0,

    /* U+1EE5 "ụ" */
    0x2f, 0x30, 0x0, 0xc8, 0x2f, 0x30, 0x0, 0xc8,
    0x2f, 0x30, 0x0, 0xc8, 0x2f, 0x30, 0x0, 0xc8,
    0x2f, 0x30, 0x0, 0xd8, 0x1f, 0x40, 0x0, 0xf8,
    0xd, 0xd4, 0x3b, 0xf8, 0x2, 0xcf, 0xe6, 0xc8,
    0x0, 0x0, 0x0, 0x0, 0x0, 0x3, 0x70, 0x0,
    0x0, 0x7, 0xd0, 0x0,

    /* U+1EE6 "Ủ" */
    0x0, 0x8, 0xd5, 0x0, 0x0, 0x0, 0x0, 0x78,
    0x0, 0x0, 0x0, 0x0, 0x20, 0x0, 0x0, 0xe7,
    0x0, 0x0, 0x5, 0xf0, 0xe7, 0x0, 0x0, 0x5,
    0xf0, 0xe7, 0x0, 0x0, 0x5, 0xf0, 0xe7, 0x0,
    0x0, 0x5, 0xf0, 0xe7, 0x0, 0x0, 0x5, 0xf0,
    0xe7, 0x0, 0x0, 0x5, 0xf0, 0xe8, 0x0, 0x0,
    0x5, 0xf0, 0xd9, 0x0, 0x0, 0x7, 0xf0, 0x9e,
    0x10, 0x0, 0xd, 0xc0, 0x1e, 0xe7, 0x46, 0xdf,
    0x30, 0x1, 0x9e, 0xfe, 0xa2, 0x0,

    /* U+1EE7 "ủ" */
    0x0, 0x1d, 0xd2, 0x0, 0x0, 0x0, 0xc3, 0x0,
    0x0, 0x0, 0x20, 0x0, 0x2f, 0x30, 0x0, 0xc8,
    0x2f, 0x30, 0x0, 0xc8, 0x2f, 0x30, 0x0, 0xc8,
    0x2f, 0x30, 0x0, 0xc8, 0x2f, 0x30, 0x0, 0xd8,
    0x1f, 0x40, 0x0, 0xf8, 0xd, 0xd4, 0x3b, 0xf8,
    0x2, 0xcf, 0xe6, 0xc8,

    /* U+1EE8 "Ứ" */
    0x0, 0x0, 0x2f, 0x30, 0x0, 0x0, 0x0, 0xb,
    0x60, 0x0, 0xa8, 0x0, 0x0, 0x0, 0x0, 0x3f,
    0x5e, 0x70, 0x0, 0x0, 0xaf, 0x50, 0xe7, 0x0,
    0x0, 0x5, 0xf0, 0xe, 0x70, 0x0, 0x0, 0x5f,
    0x0, 0xe7, 0x0, 0x0, 0x5, 0xf0, 0xe, 0x70,
    0x0, 0x0, 0x5f, 0x0, 0xe7, 0x0, 0x0, 0x5,
    0xf0, 0xe, 0x80, 0x0, 0x0, 0x5f, 0x0, 0xd9,
    0x0, 0x0, 0x7, 0xf0, 0x9, 0xe1, 0x0, 0x0,
    0xdc, 0x0, 0x1e, 0xe7, 0x46, 0xdf, 0x30, 0x0,
    0x19, 0xef, 0xea, 0x20, 0x0,

    /* U+1EE9 "ứ" */
    0x0, 0x0, 0x7d, 0x0, 0x0, 0x0, 0x1, 0xe2,
    0x1, 0xf1, 0x0, 0x0, 0x10, 0x19, 0xd0, 0x2f,
    0x30, 0x0, 0xff, 0x10, 0x2f, 0x30, 0x0, 0xc8,
    0x0, 0x2f, 0x30, 0x0, 0xc8, 0x0, 0x2f, 0x30,
    0x0, 0xc8, 0x0, 0x2f, 0x30, 0x0, 0xd8, 0x0,
    0x1f, 0x40, 0x0, 0xf8, 0x0, 0xd, 0xd4, 0x3b,
    0xf8, 0x0, 0x2, 0xcf, 0xe6, 0xc8, 0x0,

    /* U+1EEA "Ừ" */
    0x0, 0x1e, 0x40, 0x0, 0x0, 0x0, 0x0, 0x3d,
    0x0, 0x0, 0xa8, 0x0, 0x0, 0x0, 0x0, 0x3f,
    0x5e, 0x70, 0x0, 0x0, 0xaf, 0x50, 0xe7, 0x0,
    0x0, 0x5, 0xf0, 0xe, 0x70, 0x0, 0x0, 0x5f,
    0x0, 0xe7, 0x0, 0x0, 0x5, 0xf0, 0xe, 0x70,
    0x0, 0x0, 0x5f, 0x0, 0xe7, 0x0, 0x0, 0x5,
    0xf0, 0xe, 0x80, 0x0, 0x0, 0x5f, 0x0, 0xd9,
    0x0, 0x0, 0x7, 0xf0, 0x9, 0xe1, 0x0, 0x0,
    0xdc, 0x0, 0x1e, 0xe7, 0x46, 0xdf, 0x30, 0x0,
    0x19, 0xef, 0xea, 0x20, 0x0,

    /* U+1EEB "ừ" */
    0x0, 0x7d, 0x0, 0x0, 0x0, 0x0, 0xa, 0x70,
    0x1, 0xf1, 0x0, 0x0, 0x10, 0x19, 0xd0, 0x2f,
    0x30, 0x0, 0xff, 0x10, 0x2f, 0x30, 0x0, 0xc8,
    0x0, 0x2f, 0x30, 0x0, 0xc8, 0x0, 0x2f, 0x30,
    0x0, 0xc8, 0x0, 0x2f, 0x30, 0x0, 0xd8, 0x0,
    0x1f, 0x40, 0x0, 0xf8, 0x0, 0xd, 0xd4, 0x3b,
    0xf8, 0x0, 0x2, 0xcf, 0xe6, 0xc8, 0x0,

    /* U+1EEC "Ử" */
    0x0, 0x8, 0xd5, 0x0, 0x0, 0x0, 0x0, 0x7,
    0x80, 0x0, 0x98, 0x0, 0x0, 0x20, 0x0, 0x3e,
    0x5e, 0x70, 0x0, 0x0, 0xaf, 0x50, 0xe7, 0x0,
    0x0, 0x5, 0xf0, 0xe, 0x70, 0x0, 0x0, 0x5f,
    0x0, 0xe7, 0x0, 0x0, 0x5, 0xf0, 0xe, 0x70,
    0x0, 0x0, 0x5f, 0x0, 0xe7, 0x0, 0x0, 0x5,
    0xf0, 0xe, 0x80, 0x0, 0x0, 0x5f, 0x0, 0xd9,
    0x0, 0x0, 0x7, 0xf0, 0x9, 0xe1, 0x0, 0x0,
    0xdc, 0x0, 0x1e, 0xe7, 0x46, 0xdf, 0x30, 0x0,
    0x19, 0xef, 0xea, 0x20, 0x0,

    /* U+1EED "ử" */
    0x0, 0x1d, 0xd2, 0x0, 0x0, 0x0, 0x0, 0xc3,
    0x1, 0xe1, 0x0, 0x0, 0x20, 0x19, 0xd0, 0x2f,
    0x30, 0x0, 0xff, 0x10, 0x2f, 0x30, 0x0, 0xc8,
    0x0, 0x2f, 0x30, 0x0, 0xc8, 0x0, 0x2f, 0x30,
    0x0, 0xc8, 0x0, 0x2f, 0x30, 0x0, 0xd8, 0x0,
    0x1f, 0x40, 0x0, 0xf8, 0x0, 0xd, 0xd4, 0x3b,
    0xf8, 0x0, 0x2, 0xcf, 0xe6, 0xc8, 0x0,

    /* U+1EEE "Ữ" */
    0x0, 0x1d, 0xa3, 0xb0, 0x2, 0x20, 0x4, 0x96,
    0xe6, 0x0, 0xa8, 0x0, 0x0, 0x0, 0x0, 0x4f,
    0x4e, 0x70, 0x0, 0x0, 0xaf, 0x40, 0xe7, 0x0,
    0x0, 0x5, 0xf0, 0xe, 0x70, 0x0, 0x0, 0x5f,
    0x0, 0xe7, 0x0, 0x0, 0x5, 0xf0, 0xe, 0x70,
    0x0, 0x0, 0x5f, 0x0, 0xe7, 0x0, 0x0, 0x5,
    0xf0, 0xe, 0x80, 0x0, 0x0, 0x5f, 0x0, 0xd9,
    0x0, 0x0, 0x7, 0xf0, 0x9, 0xe1, 0x0, 0x0,
    0xdc, 0x0, 0x1e, 0xe7, 0x46, 0xdf, 0x30, 0x0,
    0x19, 0xef, 0xea, 0x20, 0x0,

    /* U+1EEF "ữ" */
    0x0, 0x6e, 0x4b, 0x20, 0x30, 0x0, 0xb3, 0xbc,
    0x1, 0xf1, 0x0, 0x0, 0x0, 0x1a, 0xd0, 0x2f,
    0x30, 0x0, 0xff, 0x10, 0x2f, 0x30, 0x0, 0xc8,
    0x0, 0x2f, 0x30, 0x0, 0xc8, 0x0, 0x2f, 0x30,
    0x0, 0xc8, 0x0, 0x2f, 0x30, 0x0, 0xd8, 0x0,
    0x1f, 0x40, 0x0, 0xf8, 0x0, 0xd, 0xd4, 0x3b,
    0xf8, 0x0, 0x2, 0xcf, 0xe6, 0xc8, 0x0,

    /* U+1EF0 "Ự" */
    0x0, 0x0, 0x0, 0x0, 0xa, 0x80, 0x0, 0x0,
    0x0, 0x3, 0xf5, 0xe7, 0x0, 0x0, 0xa, 0xf5,
    0xe, 0x70, 0x0, 0x0, 0x5f, 0x0, 0xe7, 0x0,
    0x0, 0x5, 0xf0, 0xe, 0x70, 0x0, 0x0, 0x5f,
    0x0, 0xe7, 0x0, 0x0, 0x5, 0xf0, 0xe, 0x70,
    0x0, 0x0, 0x5f, 0x0, 0xe8, 0x0, 0x0, 0x5,
    0xf0, 0xd, 0x90, 0x0, 0x0, 0x7f, 0x0, 0x9e,
    0x10, 0x0, 0xd, 0xc0, 0x1, 0xee, 0x74, 0x6d,
    0xf3, 0x0, 0x1, 0x9e, 0xfe, 0xa2, 0x0, 0x0,
    0x0, 0x0, 0x0, 0x0, 0x0, 0x0, 0x0, 0x81,
    0x0, 0x0, 0x0, 0x0, 0x2e, 0x30, 0x0, 0x0,

    /* U+1EF1 "ự" */
    0x0, 0x0, 0x0, 0x1, 0xf1, 0x0, 0x0, 0x0,
    0x19, 0xd0, 0x2f, 0x30, 0x0, 0xff, 0x10, 0x2f,
    0x30, 0x0, 0xc8, 0x0, 0x2f, 0x30, 0x0, 0xc8,
    0x0, 0x2f, 0x30, 0x0, 0xc8, 0x0, 0x2f, 0x30,
    0x0, 0xd8, 0x0, 0x1f, 0x40, 0x0, 0xf8, 0x0,
    0xd, 0xd4, 0x3b, 0xf8, 0x0, 0x2, 0xcf, 0xe6,
    0xc8, 0x0, 0x0, 0x0, 0x0, 0x0, 0x0, 0x0,
    0x3, 0x70, 0x0, 0x0, 0x0, 0x7, 0xd0, 0x0,
    0x0,

    /* U+1EF2 "Ỳ" */
    0x0, 0xa, 0xa0, 0x0, 0x0, 0x0, 0x0, 0xc4,
    0x0, 0x0, 0x0, 0x0, 0x0, 0x0, 0x0, 0x7f,
    0x20, 0x0, 0x5, 0xf4, 0xd, 0xb0, 0x0, 0xe,
    0xa0, 0x3, 0xf5, 0x0, 0x8e, 0x10, 0x0, 0x9e,
    0x13, 0xf5, 0x0, 0x0, 0xe, 0x9c, 0xb0, 0x0,
    0x0, 0x4, 0xff, 0x20, 0x0, 0x0, 0x0, 0xda,
    0x0, 0x0, 0x0, 0x0, 0xc9, 0x0, 0x0, 0x0,
    0x0, 0xc9, 0x0, 0x0, 0x0, 0x0, 0xc9, 0x0,
    0x0, 0x0, 0x0, 0xc9, 0x0, 0x0,

    /* U+1EF3 "ỳ" */
    0x0, 0xc8, 0x0, 0x0, 0x0, 0x1e, 0x30, 0x0,
    0x0, 0x1, 0x10, 0x0, 0xac, 0x0, 0x0, 0xf6,
    0x4f, 0x20, 0x5, 0xf1, 0xe, 0x70, 0xa, 0xa0,
    0x8, 0xc0, 0xf, 0x50, 0x2, 0xf1, 0x4e, 0x0,
    0x0, 0xc6, 0xa9, 0x0, 0x0, 0x7c, 0xf3, 0x0,
    0x0, 0x1f, 0xd0, 0x0, 0x0, 0xe, 0x80, 0x0,
    0x1, 0x7f, 0x10, 0x0, 0xf, 0xd5, 0x0, 0x0,

    /* U+1EF4 "Ỵ" */
    0x7f, 0x20, 0x0, 0x5, 0xf4, 0xd, 0xb0, 0x0,
    0xe, 0xa0, 0x3, 0xf5, 0x0, 0x8e, 0x10, 0x0,
    0x9e, 0x13, 0xf5, 0x0, 0x0, 0xe, 0x9c, 0xb0,
    0x0, 0x0, 0x4, 0xff, 0x20, 0x0, 0x0, 0x0,
    0xda, 0x0, 0x0, 0x0, 0x0, 0xc9, 0x0, 0x0,
    0x0, 0x0, 0xc9, 0x0, 0x0, 0x0, 0x0, 0xc9,
    0x0, 0x0, 0x0, 0x0, 0xc9, 0x0, 0x0, 0x0,
    0x0, 0x0, 0x0, 0x0, 0x0, 0x0, 0x64, 0x0,
    0x0, 0x0, 0x0, 0xb8, 0x0, 0x0,

    /* U+1EF5 "ỵ" */
    0xac, 0x0, 0x0, 0xf6, 0x3f, 0x20, 0x5, 0xf1,
    0xd, 0x70, 0xa, 0xa0, 0x7, 0xc0, 0xf, 0x50,
    0x2, 0xf2, 0x5e, 0x0, 0x0, 0xb7, 0xa9, 0x0,
    0x0, 0x5e, 0xf3, 0x0, 0x0, 0xf, 0xd0, 0x0,
    0x0, 0xe, 0x80, 0x0, 0x1, 0x8f, 0x15, 0x50,
    0xf, 0xd5, 0xa, 0xa0,

    /* U+1EF6 "Ỷ" */
    0x0, 0x4, 0xd9, 0x0, 0x0, 0x0, 0x0, 0x2e,
    0x0, 0x0, 0x0, 0x0, 0x11, 0x0, 0x0, 0x7f,
    0x20, 0x0, 0x5, 0xf4, 0xd, 0xb0, 0x0, 0xe,
    0xa0, 0x3, 0xf5, 0x0, 0x8e, 0x10, 0x0, 0x9e,
    0x13, 0xf5, 0x0, 0x0, 0xe, 0x9c, 0xb0, 0x0,
    0x0, 0x4, 0xff, 0x20, 0x0, 0x0, 0x0, 0xda,
    0x0, 0x0, 0x0, 0x0, 0xc9, 0x0, 0x0, 0x0,
    0x0, 0xc9, 0x0, 0x0, 0x0, 0x0, 0xc9, 0x0,
    0x0, 0x0, 0x0, 0xc9, 0x0, 0x0,

    /* U+1EF7 "ỷ" */
    0x0, 0x5e, 0xa0, 0x0, 0x0, 0x2, 0xd0, 0x0,
    0x0, 0x1, 0x10, 0x0, 0xac, 0x0, 0x0, 0xf6,
    0x4f, 0x20, 0x5, 0xf1, 0xe, 0x70, 0xa, 0xa0,
    0x8, 0xc0, 0xf, 0x50, 0x2, 0xf1, 0x4e, 0x0,
    0x0, 0xc6, 0xa9, 0x0, 0x0, 0x7c, 0xf3, 0x0,
    0x0, 0x1f, 0xd0, 0x0, 0x0, 0xe, 0x80, 0x0,
    0x1, 0x7f, 0x10, 0x0, 0xf, 0xd5, 0x0, 0x0,

    /* U+1EF8 "Ỹ" */
    0x0, 0x1d, 0xc2, 0xd1, 0x0, 0x0, 0x4a, 0x4d,
    0xb0, 0x0, 0x0, 0x0, 0x0, 0x0, 0x0, 0x7f,
    0x20, 0x0, 0x5, 0xf4, 0xd, 0xb0, 0x0, 0xe,
    0xa0, 0x3, 0xf5, 0x0, 0x8e, 0x10, 0x0, 0x9e,
    0x13, 0xf5, 0x0, 0x0, 0xe, 0x9c, 0xb0, 0x0,
    0x0, 0x4, 0xff, 0x20, 0x0, 0x0, 0x0, 0xda,
    0x0, 0x0, 0x0, 0x0, 0xc9, 0x0, 0x0, 0x0,
    0x0, 0xc9, 0x0, 0x0, 0x0, 0x0, 0xc9, 0x0,
    0x0, 0x0, 0x0, 0xc9, 0x0, 0x0,

    /* U+1EF9 "ỹ" */
    0x0, 0xd9, 0xb, 0x30, 0x4, 0xa8, 0x5d, 0x10,
    0x6, 0x80, 0xbb, 0x0, 0xac, 0x0, 0x0, 0xf6,
    0x4f, 0x20, 0x5, 0xf1, 0xe, 0x70, 0xa, 0xa0,
    0x8, 0xc0, 0xf, 0x50, 0x2, 0xf1, 0x4e, 0x0,
    0x0, 0xc6, 0xa9, 0x0, 0x0, 0x7c, 0xf3, 0x0,
    0x0, 0x1f, 0xd0, 0x0, 0x0, 0xe, 0x80, 0x0,
    0x1, 0x7f, 0x10, 0x0, 0xf, 0xd5, 0x0, 0x0
};


/*---------------------
 *  GLYPH DESCRIPTION
 *--------------------*/

static const lv_font_fmt_txt_glyph_dsc_t glyph_dsc[] = {
    {.bitmap_index = 0, .adv_w = 0, .box_w = 0, .box_h = 0, .ofs_x = 0, .ofs_y = 0} /* id = 0 reserved */,
    {.bitmap_index = 0, .adv_w = 53, .box_w = 0, .box_h = 0, .ofs_x = 0, .ofs_y = 0},
    {.bitmap_index = 0, .adv_w = 68, .box_w = 3, .box_h = 11, .ofs_x = 1, .ofs_y = 0},
    {.bitmap_index = 17, .adv_w = 103, .box_w = 5, .box_h = 4, .ofs_x = 1, .ofs_y = 7},
    {.bitmap_index = 27, .adv_w = 155, .box_w = 10, .box_h = 11, .ofs_x = 0, .ofs_y = 0},
    {.bitmap_index = 82, .adv_w = 155, .box_w = 9, .box_h = 13, .ofs_x = 0, .ofs_y = -1},
    {.bitmap_index = 141, .adv_w = 207, .box_w = 13, .box_h = 11, .ofs_x = 0, .ofs_y = 0},
    {.bitmap_index = 213, .adv_w = 171, .box_w = 11, .box_h = 11, .ofs_x = 0, .ofs_y = 0},
    {.bitmap_index = 274, .adv_w = 65, .box_w = 2, .box_h = 4, .ofs_x = 1, .ofs_y = 7},
    {.bitmap_index = 278, .adv_w = 83, .box_w = 4, .box_h = 14, .ofs_x = 1, .ofs_y = -3},
    {.bitmap_index = 306, .adv_w = 83, .box_w = 4, .box_h = 14, .ofs_x = 0, .ofs_y = -3},
    {.bitmap_index = 334, .adv_w = 103, .box_w = 6, .box_h = 5, .ofs_x = 0, .ofs_y = 6},
    {.bitmap_index = 349, .adv_w = 155, .box_w = 9, .box_h = 8, .ofs_x = 0, .ofs_y = 0},
    {.bitmap_index = 385, .adv_w = 55, .box_w = 3, .box_h = 4, .ofs_x = 0, .ofs_y = -2},
    {.bitmap_index = 391, .adv_w = 110, .box_w = 6, .box_h = 3, .ofs_x = 0, .ofs_y = 3},
    {.bitmap_index = 400, .adv_w = 55, .box_w = 3, .box_h = 2, .ofs_x = 0, .ofs_y = 0},
    {.bitmap_index = 403, .adv_w = 72, .box_w = 5, .box_h = 14, .ofs_x = 0, .ofs_y = -3},
    {.bitmap_index = 438, .adv_w = 155, .box_w = 9, .box_h = 11, .ofs_x = 0, .ofs_y = 0},
    {.bitmap_index = 488, .adv_w = 114, .box_w = 6, .box_h = 11, .ofs_x = 0, .ofs_y = 0},
    {.bitmap_index = 521, .adv_w = 145, .box_w = 9, .box_h = 11, .ofs_x = 0, .ofs_y = 0},
    {.bitmap_index = 571, .adv_w = 152, .box_w = 9, .box_h = 11, .ofs_x = 0, .ofs_y = 0},
    {.bitmap_index = 621, .adv_w = 155, .box_w = 10, .box_h = 11, .ofs_x = 0, .ofs_y = 0},
    {.bitmap_index = 676, .adv_w = 150, .box_w = 9, .box_h = 11, .ofs_x = 0, .ofs_y = 0},
    {.bitmap_index = 726, .adv_w = 158, .box_w = 9, .box_h = 11, .ofs_x = 0, .ofs_y = 0},
    {.bitmap_index = 776, .adv_w = 140, .box_w = 9, .box_h = 11, .ofs_x = 0, .ofs_y = 0},
    {.bitmap_index = 826, .adv_w = 154, .box_w = 9, .box_h = 11, .ofs_x = 0, .ofs_y = 0},
    {.bitmap_index = 876, .adv_w = 158, .box_w = 10, .box_h = 11, .ofs_x = 0, .ofs_y = 0},
    {.bitmap_index = 931, .adv_w = 55, .box_w = 3, .box_h = 8, .ofs_x = 0, .ofs_y = 0},
    {.bitmap_index = 943, .adv_w = 55, .box_w = 3, .box_h = 10, .ofs_x = 0, .ofs_y = -2},
    {.bitmap_index = 958, .adv_w = 155, .box_w = 9, .box_h = 8, .ofs_x = 0, .ofs_y = 0},
    {.bitmap_index = 994, .adv_w = 155, .box_w = 9, .box_h = 7, .ofs_x = 0, .ofs_y = 1},
    {.bitmap_index = 1026, .adv_w = 155, .box_w = 9, .box_h = 8, .ofs_x = 0, .ofs_y = 0},
    {.bitmap_index = 1062, .adv_w = 125, .box_w = 8, .box_h = 11, .ofs_x = 0, .ofs_y = 0},
    {.bitmap_index = 1106, .adv_w = 224, .box_w = 14, .box_h = 13, .ofs_x = 0, .ofs_y = -2},
    {.bitmap_index = 1197, .adv_w = 163, .box_w = 10, .box_h = 11, .ofs_x = 0, .ofs_y = 0},
    {.bitmap_index = 1252, .adv_w = 155, .box_w = 9, .box_h = 11, .ofs_x = 1, .ofs_y = 0},
    {.bitmap_index = 1302, .adv_w = 176, .box_w = 11, .box_h = 11, .ofs_x = 0, .ofs_y = 0},
    {.bitmap_index = 1363, .adv_w = 174, .box_w = 10, .box_h = 11, .ofs_x = 1, .ofs_y = 0},
    {.bitmap_index = 1418, .adv_w = 141, .box_w = 8, .box_h = 11, .ofs_x = 1, .ofs_y = 0},
    {.bitmap_index = 1462, .adv_w = 135, .box_w = 7, .box_h = 11, .ofs_x = 1, .ofs_y = 0},
    {.bitmap_index = 1501, .adv_w = 181, .box_w = 11, .box_h = 11, .ofs_x = 0, .ofs_y = 0},
    {.bitmap_index = 1562, .adv_w = 179, .box_w = 10, .box_h = 11, .ofs_x = 1, .ofs_y = 0},
    {.bitmap_index = 1617, .adv_w = 58, .box_w = 2, .box_h = 11, .ofs_x = 1, .ofs_y = 0},
    {.bitmap_index = 1628, .adv_w = 127, .box_w = 7, .box_h = 11, .ofs_x = 0, .ofs_y = 0},
    {.bitmap_index = 1667, .adv_w = 154, .box_w = 9, .box_h = 11, .ofs_x = 1, .ofs_y = 0},
    {.bitmap_index = 1717, .adv_w = 134, .box_w = 7, .box_h = 11, .ofs_x = 1, .ofs_y = 0},
    {.bitmap_index = 1756, .adv_w = 213, .box_w = 12, .box_h = 11, .ofs_x = 1, .ofs_y = 0},
    {.bitmap_index = 1822, .adv_w = 179, .box_w = 10, .box_h = 11, .ofs_x = 1, .ofs_y = 0},
    {.bitmap_index = 1877, .adv_w = 187, .box_w = 12, .box_h = 11, .ofs_x = 0, .ofs_y = 0},
    {.bitmap_index = 1943, .adv_w = 148, .box_w = 8, .box_h = 11, .ofs_x = 1, .ofs_y = 0},
    {.bitmap_index = 1987, .adv_w = 187, .box_w = 12, .box_h = 12, .ofs_x = 0, .ofs_y = -1},
    {.bitmap_index = 2059, .adv_w = 153, .box_w = 9, .box_h = 11, .ofs_x = 1, .ofs_y = 0},
    {.bitmap_index = 2109, .adv_w = 152, .box_w = 9, .box_h = 11, .ofs_x = 0, .ofs_y = 0},
    {.bitmap_index = 2159, .adv_w = 149, .box_w = 9, .box_h = 11, .ofs_x = 0, .ofs_y = 0},
    {.bitmap_index = 2209, .adv_w = 178, .box_w = 10, .box_h = 11, .ofs_x = 1, .ofs_y = 0},
    {.bitmap_index = 2264, .adv_w = 162, .box_w = 10, .box_h = 11, .ofs_x = 0, .ofs_y = 0},
    {.bitmap_index = 2319, .adv_w = 237, .box_w = 15, .box_h = 11, .ofs_x = 0, .ofs_y = 0},
    {.bitmap_index = 2402, .adv_w = 163, .box_w = 10, .box_h = 11, .ofs_x = 0, .ofs_y = 0},
    {.bitmap_index = 2457, .adv_w = 157, .box_w = 10, .box_h = 11, .ofs_x = 0, .ofs_y = 0},
    {.bitmap_index = 2512, .adv_w = 158, .box_w = 10, .box_h = 11, .ofs_x = 0, .ofs_y = 0},
    {.bitmap_index = 2567, .adv_w = 83, .box_w = 4, .box_h = 14, .ofs_x = 1, .ofs_y = -3},
    {.bitmap_index = 2595, .adv_w = 72, .box_w = 5, .box_h = 14, .ofs_x = 0, .ofs_y = -3},
    {.bitmap_index = 2630, .adv_w = 83, .box_w = 4, .box_h = 14, .ofs_x = 0, .ofs_y = -3},
    {.bitmap_index = 2658, .adv_w = 155, .box_w = 8, .box_h = 5, .ofs_x = 1, .ofs_y = 6},
    {.bitmap_index = 2678, .adv_w = 135, .box_w = 9, .box_h = 3, .ofs_x = 0, .ofs_y = -3},
    {.bitmap_index = 2692, .adv_w = 128, .box_w = 4, .box_h = 3, .ofs_x = 2, .ofs_y = 9},
    {.bitmap_index = 2698, .adv_w = 129, .box_w = 8, .box_h = 8, .ofs_x = 0, .ofs_y = 0},
    {.bitmap_index = 2730, .adv_w = 142, .box_w = 9, .box_h = 11, .ofs_x = 0, .ofs_y = 0},
    {.bitmap_index = 2780, .adv_w = 128, .box_w = 8, .box_h = 8, .ofs_x = 0, .ofs_y = 0},
    {.bitmap_index = 2812, .adv_w = 142, .box_w = 8, .box_h = 11, .ofs_x = 0, .ofs_y = 0},
    {.bitmap_index = 2856, .adv_w = 131, .box_w = 8, .box_h = 8, .ofs_x = 0, .ofs_y = 0},
    {.bitmap_index = 2888, .adv_w = 78, .box_w = 5, .box_h = 11, .ofs_x = 0, .ofs_y = 0},
    {.bitmap_index = 2916, .adv_w = 141, .box_w = 8, .box_h = 11, .ofs_x = 0, .ofs_y = -3},
    {.bitmap_index = 2960, .adv_w = 138, .box_w = 8, .box_h = 11, .ofs_x = 0, .ofs_y = 0},
    {.bitmap_index = 3004, .adv_w = 53, .box_w = 3, .box_h = 11, .ofs_x = 0, .ofs_y = 0},
    {.bitmap_index = 3021, .adv_w = 53, .box_w = 4, .box_h = 14, .ofs_x = -1, .ofs_y = -3},
    {.bitmap_index = 3049, .adv_w = 124, .box_w = 7, .box_h = 11, .ofs_x = 1, .ofs_y = 0},
    {.bitmap_index = 3088, .adv_w = 52, .box_w = 3, .box_h = 11, .ofs_x = 0, .ofs_y = 0},
    {.bitmap_index = 3105, .adv_w = 206, .box_w = 13, .box_h = 8, .ofs_x = 0, .ofs_y = 0},
    {.bitmap_index = 3157, .adv_w = 135, .box_w = 8, .box_h = 8, .ofs_x = 0, .ofs_y = 0},
    {.bitmap_index = 3189, .adv_w = 136, .box_w = 9, .box_h = 8, .ofs_x = 0, .ofs_y = 0},
    {.bitmap_index = 3225, .adv_w = 141, .box_w = 9, .box_h = 11, .ofs_x = 0, .ofs_y = -3},
    {.bitmap_index = 3275, .adv_w = 141, .box_w = 8, .box_h = 11, .ofs_x = 0, .ofs_y = -3},
    {.bitmap_index = 3319, .adv_w = 79, .box_w = 5, .box_h = 8, .ofs_x = 0, .ofs_y = 0},
    {.bitmap_index = 3339, .adv_w = 119, .box_w = 7, .box_h = 8, .ofs_x = 0, .ofs_y = 0},
    {.bitmap_index = 3367, .adv_w = 77, .box_w = 5, .box_h = 10, .ofs_x = 0, .ofs_y = 0},
    {.bitmap_index = 3392, .adv_w = 135, .box_w = 8, .box_h = 8, .ofs_x = 0, .ofs_y = 0},
    {.bitmap_index = 3424, .adv_w = 124, .box_w = 8, .box_h = 8, .ofs_x = 0, .ofs_y = 0},
    {.bitmap_index = 3456, .adv_w = 183, .box_w = 12, .box_h = 8, .ofs_x = 0, .ofs_y = 0},
    {.bitmap_index = 3504, .adv_w = 120, .box_w = 8, .box_h = 8, .ofs_x = 0, .ofs_y = 0},
    {.bitmap_index = 3536, .adv_w = 125, .box_w = 8, .box_h = 11, .ofs_x = 0, .ofs_y = -3},
    {.bitmap_index = 3580, .adv_w = 120, .box_w = 7, .box_h = 8, .ofs_x = 0, .ofs_y = 0},
    {.bitmap_index = 3608, .adv_w = 83, .box_w = 5, .box_h = 14, .ofs_x = 0, .ofs_y = -3},
    {.bitmap_index = 3643, .adv_w = 55, .box_w = 2, .box_h = 14, .ofs_x = 1, .ofs_y = -3},
    {.bitmap_index = 3657, .adv_w = 83, .box_w = 5, .box_h = 14, .ofs_x = 0, .ofs_y = -3},
    {.bitmap_index = 3692, .adv_w = 155, .box_w = 9, .box_h = 3, .ofs_x = 0, .ofs_y = 3},
    {.bitmap_index = 3706, .adv_w = 163, .box_w = 10, .box_h = 14, .ofs_x = 0, .ofs_y = 0},
    {.bitmap_index = 3776, .adv_w = 163, .box_w = 10, .box_h = 14, .ofs_x = 0, .ofs_y = 0},
    {.bitmap_index = 3846, .adv_w = 163, .box_w = 10, .box_h = 14, .ofs_x = 0, .ofs_y = 0},
    {.bitmap_index = 3916, .adv_w = 163, .box_w = 10, .box_h = 14, .ofs_x = 0, .ofs_y = 0},
    {.bitmap_index = 3986, .adv_w = 141, .box_w = 8, .box_h = 14, .ofs_x = 1, .ofs_y = 0},
    {.bitmap_index = 4042, .adv_w = 141, .box_w = 8, .box_h = 14, .ofs_x = 1, .ofs_y = 0},
    {.bitmap_index = 4098, .adv_w = 141, .box_w = 8, .box_h = 14, .ofs_x = 1, .ofs_y = 0},
    {.bitmap_index = 4154, .adv_w = 58, .box_w = 4, .box_h = 14, .ofs_x = -1, .ofs_y = 0},
    {.bitmap_index = 4182, .adv_w = 58, .box_w = 3, .box_h = 14, .ofs_x = 1, .ofs_y = 0},
    {.bitmap_index = 4203, .adv_w = 187, .box_w = 12, .box_h = 14, .ofs_x = 0, .ofs_y = 0},
    {.bitmap_index = 4287, .adv_w = 187, .box_w = 12, .box_h = 14, .ofs_x = 0, .ofs_y = 0},
    {.bitmap_index = 4371, .adv_w = 187, .box_w = 12, .box_h = 14, .ofs_x = 0, .ofs_y = 0},
    {.bitmap_index = 4455, .adv_w = 187, .box_w = 12, .box_h = 14, .ofs_x = 0, .ofs_y = 0},
    {.bitmap_index = 4539, .adv_w = 178, .box_w = 10, .box_h = 14, .ofs_x = 1, .ofs_y = 0},
    {.bitmap_index = 4609, .adv_w = 178, .box_w = 10, .box_h = 14, .ofs_x = 1, .ofs_y = 0},
    {.bitmap_index = 4679, .adv_w = 157, .box_w = 10, .box_h = 14, .ofs_x = 0, .ofs_y = 0},
    {.bitmap_index = 4749, .adv_w = 129, .box_w = 8, .box_h = 11, .ofs_x = 0, .ofs_y = 0},
    {.bitmap_index = 4793, .adv_w = 129, .box_w = 8, .box_h = 11, .ofs_x = 0, .ofs_y = 0},
    {.bitmap_index = 4837, .adv_w = 129, .box_w = 8, .box_h = 11, .ofs_x = 0, .ofs_y = 0},
    {.bitmap_index = 4881, .adv_w = 129, .box_w = 8, .box_h = 11, .ofs_x = 0, .ofs_y = 0},
    {.bitmap_index = 4925, .adv_w = 131, .box_w = 8, .box_h = 11, .ofs_x = 0, .ofs_y = 0},
    {.bitmap_index = 4969, .adv_w = 131, .box_w = 8, .box_h = 11, .ofs_x = 0, .ofs_y = 0},
    {.bitmap_index = 5013, .adv_w = 131, .box_w = 8, .box_h = 11, .ofs_x = 0, .ofs_y = 0},
    {.bitmap_index = 5057, .adv_w = 53, .box_w = 4, .box_h = 11, .ofs_x = -1, .ofs_y = 0},
    {.bitmap_index = 5079, .adv_w = 53, .box_w = 4, .box_h = 11, .ofs_x = 0, .ofs_y = 0},
    {.bitmap_index = 5101, .adv_w = 136, .box_w = 9, .box_h = 11, .ofs_x = 0, .ofs_y = 0},
    {.bitmap_index = 5151, .adv_w = 136, .box_w = 9, .box_h = 11, .ofs_x = 0, .ofs_y = 0},
    {.bitmap_index = 5201, .adv_w = 136, .box_w = 9, .box_h = 11, .ofs_x = 0, .ofs_y = 0},
    {.bitmap_index = 5251, .adv_w = 136, .box_w = 9, .box_h = 11, .ofs_x = 0, .ofs_y = 0},
    {.bitmap_index = 5301, .adv_w = 135, .box_w = 8, .box_h = 11, .ofs_x = 0, .ofs_y = 0},
    {.bitmap_index = 5345, .adv_w = 135, .box_w = 8, .box_h = 11, .ofs_x = 0, .ofs_y = 0},
    {.bitmap_index = 5389, .adv_w = 125, .box_w = 8, .box_h = 14, .ofs_x = 0, .ofs_y = -3},
    {.bitmap_index = 5445, .adv_w = 163, .box_w = 10, .box_h = 15, .ofs_x = 0, .ofs_y = 0},
    {.bitmap_index = 5520, .adv_w = 129, .box_w = 8, .box_h = 12, .ofs_x = 0, .ofs_y = 0},
    {.bitmap_index = 5568, .adv_w = 180, .box_w = 11, .box_h = 11, .ofs_x = 0, .ofs_y = 0},
    {.bitmap_index = 5629, .adv_w = 147, .box_w = 9, .box_h = 11, .ofs_x = 0, .ofs_y = 0},
    {.bitmap_index = 5679, .adv_w = 58, .box_w = 6, .box_h = 14, .ofs_x = -1, .ofs_y = 0},
    {.bitmap_index = 5721, .adv_w = 53, .box_w = 5, .box_h = 11, .ofs_x = -1, .ofs_y = 0},
    {.bitmap_index = 5749, .adv_w = 178, .box_w = 10, .box_h = 14, .ofs_x = 1, .ofs_y = 0},
    {.bitmap_index = 5819, .adv_w = 135, .box_w = 8, .box_h = 11, .ofs_x = 0, .ofs_y = 0},
    {.bitmap_index = 5863, .adv_w = 187, .box_w = 12, .box_h = 13, .ofs_x = 0, .ofs_y = 0},
    {.bitmap_index = 5941, .adv_w = 136, .box_w = 9, .box_h = 10, .ofs_x = 0, .ofs_y = 0},
    {.bitmap_index = 5986, .adv_w = 178, .box_w = 11, .box_h = 13, .ofs_x = 1, .ofs_y = 0},
    {.bitmap_index = 6058, .adv_w = 140, .box_w = 10, .box_h = 10, .ofs_x = 0, .ofs_y = 0},
    {.bitmap_index = 6108, .adv_w = 163, .box_w = 10, .box_h = 14, .ofs_x = 0, .ofs_y = -3},
    {.bitmap_index = 6178, .adv_w = 129, .box_w = 8, .box_h = 11, .ofs_x = 0, .ofs_y = -3},
    {.bitmap_index = 6222, .adv_w = 163, .box_w = 10, .box_h = 14, .ofs_x = 0, .ofs_y = 0},
    {.bitmap_index = 6292, .adv_w = 129, .box_w = 8, .box_h = 11, .ofs_x = 0, .ofs_y = 0},
    {.bitmap_index = 6336, .adv_w = 163, .box_w = 10, .box_h = 15, .ofs_x = 0, .ofs_y = 0},
    {.bitmap_index = 6411, .adv_w = 129, .box_w = 9, .box_h = 14, .ofs_x = 0, .ofs_y = 0},
    {.bitmap_index = 6474, .adv_w = 163, .box_w = 10, .box_h = 15, .ofs_x = 0, .ofs_y = 0},
    {.bitmap_index = 6549, .adv_w = 129, .box_w = 8, .box_h = 14, .ofs_x = 0, .ofs_y = 0},
    {.bitmap_index = 6605, .adv_w = 163, .box_w = 10, .box_h = 15, .ofs_x = 0, .ofs_y = 0},
    {.bitmap_index = 6680, .adv_w = 129, .box_w = 8, .box_h = 14, .ofs_x = 0, .ofs_y = 0},
    {.bitmap_index = 6736, .adv_w = 163, .box_w = 10, .box_h = 15, .ofs_x = 0, .ofs_y = 0},
    {.bitmap_index = 6811, .adv_w = 129, .box_w = 8, .box_h = 14, .ofs_x = 0, .ofs_y = 0},
    {.bitmap_index = 6867, .adv_w = 163, .box_w = 10, .box_h = 17, .ofs_x = 0, .ofs_y = -3},
    {.bitmap_index = 6952, .adv_w = 129, .box_w = 8, .box_h = 14, .ofs_x = 0, .ofs_y = -3},
    {.bitmap_index = 7008, .adv_w = 163, .box_w = 10, .box_h = 15, .ofs_x = 0, .ofs_y = 0},
    {.bitmap_index = 7083, .adv_w = 129, .box_w = 8, .box_h = 14, .ofs_x = 0, .ofs_y = 0},
    {.bitmap_index = 7139, .adv_w = 163, .box_w = 10, .box_h = 15, .ofs_x = 0, .ofs_y = 0},
    {.bitmap_index = 7214, .adv_w = 129, .box_w = 8, .box_h = 14, .ofs_x = 0, .ofs_y = 0},
    {.bitmap_index = 7270, .adv_w = 163, .box_w = 10, .box_h = 15, .ofs_x = 0, .ofs_y = 0},
    {.bitmap_index = 7345, .adv_w = 129, .box_w = 8, .box_h = 14, .ofs_x = 0, .ofs_y = 0},
    {.bitmap_index = 7401, .adv_w = 163, .box_w = 10, .box_h = 15, .ofs_x = 0, .ofs_y = 0},
    {.bitmap_index = 7476, .adv_w = 129, .box_w = 8, .box_h = 14, .ofs_x = 0, .ofs_y = 0},
    {.bitmap_index = 7532, .adv_w = 163, .box_w = 10, .box_h = 18, .ofs_x = 0, .ofs_y = -3},
    {.bitmap_index = 7622, .adv_w = 129, .box_w = 8, .box_h = 15, .ofs_x = 0, .ofs_y = -3},
    {.bitmap_index = 7682, .adv_w = 141, .box_w = 8, .box_h = 14, .ofs_x = 1, .ofs_y = -3},
    {.bitmap_index = 7738, .adv_w = 131, .box_w = 8, .box_h = 11, .ofs_x = 0, .ofs_y = -3},
    {.bitmap_index = 7782, .adv_w = 141, .box_w = 8, .box_h = 14, .ofs_x = 1, .ofs_y = 0},
    {.bitmap_index = 7838, .adv_w = 131, .box_w = 8, .box_h = 11, .ofs_x = 0, .ofs_y = 0},
    {.bitmap_index = 7882, .adv_w = 141, .box_w = 8, .box_h = 14, .ofs_x = 1, .ofs_y = 0},
    {.bitmap_index = 7938, .adv_w = 131, .box_w = 8, .box_h = 11, .ofs_x = 0, .ofs_y = 0},
    {.bitmap_index = 7982, .adv_w = 141, .box_w = 8, .box_h = 15, .ofs_x = 1, .ofs_y = 0},
    {.bitmap_index = 8042, .adv_w = 131, .box_w = 9, .box_h = 14, .ofs_x = 0, .ofs_y = 0},
    {.bitmap_index = 8105, .adv_w = 141, .box_w = 8, .box_h = 15, .ofs_x = 1, .ofs_y = 0},
    {.bitmap_index = 8165, .adv_w = 131, .box_w = 8, .box_h = 14, .ofs_x = 0, .ofs_y = 0},
    {.bitmap_index = 8221, .adv_w = 141, .box_w = 8, .box_h = 15, .ofs_x = 1, .ofs_y = 0},
    {.bitmap_index = 8281, .adv_w = 131, .box_w = 8, .box_h = 14, .ofs_x = 0, .ofs_y = 0},
    {.bitmap_index = 8337, .adv_w = 141, .box_w = 8, .box_h = 15, .ofs_x = 1, .ofs_y = 0},
    {.bitmap_index = 8397, .adv_w = 131, .box_w = 8, .box_h = 14, .ofs_x = 0, .ofs_y = 0},
    {.bitmap_index = 8453, .adv_w = 141, .box_w = 8, .box_h = 17, .ofs_x = 1, .ofs_y = -3},
    {.bitmap_index = 8521, .adv_w = 131, .box_w = 8, .box_h = 14, .ofs_x = 0, .ofs_y = -3},
    {.bitmap_index = 8577, .adv_w = 58, .box_w = 3, .box_h = 14, .ofs_x = 0, .ofs_y = 0},
    {.bitmap_index = 8598, .adv_w = 53, .box_w = 3, .box_h = 11, .ofs_x = 0, .ofs_y = 0},
    {.bitmap_index = 8615, .adv_w = 58, .box_w = 3, .box_h = 14, .ofs_x = 0, .ofs_y = -3},
    {.bitmap_index = 8636, .adv_w = 53, .box_w = 3, .box_h = 14, .ofs_x = 0, .ofs_y = -3},
    {.bitmap_index = 8657, .adv_w = 187, .box_w = 12, .box_h = 14, .ofs_x = 0, .ofs_y = -3},
    {.bitmap_index = 8741, .adv_w = 136, .box_w = 9, .box_h = 11, .ofs_x = 0, .ofs_y = -3},
    {.bitmap_index = 8791, .adv_w = 187, .box_w = 12, .box_h = 14, .ofs_x = 0, .ofs_y = 0},
    {.bitmap_index = 8875, .adv_w = 136, .box_w = 9, .box_h = 11, .ofs_x = 0, .ofs_y = 0},
    {.bitmap_index = 8925, .adv_w = 187, .box_w = 12, .box_h = 15, .ofs_x = 0, .ofs_y = 0},
    {.bitmap_index = 9015, .adv_w = 136, .box_w = 9, .box_h = 14, .ofs_x = 0, .ofs_y = 0},
    {.bitmap_index = 9078, .adv_w = 187, .box_w = 12, .box_h = 15, .ofs_x = 0, .ofs_y = 0},
    {.bitmap_index = 9168, .adv_w = 136, .box_w = 9, .box_h = 14, .ofs_x = 0, .ofs_y = 0},
    {.bitmap_index = 9231, .adv_w = 187, .box_w = 12, .box_h = 15, .ofs_x = 0, .ofs_y = 0},
    {.bitmap_index = 9321, .adv_w = 136, .box_w = 9, .box_h = 14, .ofs_x = 0, .ofs_y = 0},
    {.bitmap_index = 9384, .adv_w = 187, .box_w = 12, .box_h = 15, .ofs_x = 0, .ofs_y = 0},
    {.bitmap_index = 9474, .adv_w = 136, .box_w = 9, .box_h = 14, .ofs_x = 0, .ofs_y = 0},
    {.bitmap_index = 9537, .adv_w = 187, .box_w = 12, .box_h = 17, .ofs_x = 0, .ofs_y = -3},
    {.bitmap_index = 9639, .adv_w = 136, .box_w = 9, .box_h = 14, .ofs_x = 0, .ofs_y = -3},
    {.bitmap_index = 9702, .adv_w = 187, .box_w = 12, .box_h = 14, .ofs_x = 0, .ofs_y = 0},
    {.bitmap_index = 9786, .adv_w = 136, .box_w = 9, .box_h = 11, .ofs_x = 0, .ofs_y = 0},
    {.bitmap_index = 9836, .adv_w = 187, .box_w = 12, .box_h = 14, .ofs_x = 0, .ofs_y = 0},
    {.bitmap_index = 9920, .adv_w = 136, .box_w = 9, .box_h = 11, .ofs_x = 0, .ofs_y = 0},
    {.bitmap_index = 9970, .adv_w = 187, .box_w = 12, .box_h = 14, .ofs_x = 0, .ofs_y = 0},
    {.bitmap_index = 10054, .adv_w = 136, .box_w = 9, .box_h = 11, .ofs_x = 0, .ofs_y = 0},
    {.bitmap_index = 10104, .adv_w = 187, .box_w = 12, .box_h = 14, .ofs_x = 0, .ofs_y = 0},
    {.bitmap_index = 10188, .adv_w = 139, .box_w = 9, .box_h = 11, .ofs_x = 0, .ofs_y = 0},
    {.bitmap_index = 10238, .adv_w = 187, .box_w = 12, .box_h = 16, .ofs_x = 0, .ofs_y = -3},
    {.bitmap_index = 10334, .adv_w = 136, .box_w = 9, .box_h = 13, .ofs_x = 0, .ofs_y = -3},
    {.bitmap_index = 10393, .adv_w = 178, .box_w = 10, .box_h = 14, .ofs_x = 1, .ofs_y = -3},
    {.bitmap_index = 10463, .adv_w = 135, .box_w = 8, .box_h = 11, .ofs_x = 0, .ofs_y = -3},
    {.bitmap_index = 10507, .adv_w = 178, .box_w = 10, .box_h = 14, .ofs_x = 1, .ofs_y = 0},
    {.bitmap_index = 10577, .adv_w = 135, .box_w = 8, .box_h = 11, .ofs_x = 0, .ofs_y = 0},
    {.bitmap_index = 10621, .adv_w = 178, .box_w = 11, .box_h = 14, .ofs_x = 1, .ofs_y = 0},
    {.bitmap_index = 10698, .adv_w = 140, .box_w = 10, .box_h = 11, .ofs_x = 0, .ofs_y = 0},
    {.bitmap_index = 10753, .adv_w = 178, .box_w = 11, .box_h = 14, .ofs_x = 1, .ofs_y = 0},
    {.bitmap_index = 10830, .adv_w = 140, .box_w = 10, .box_h = 11, .ofs_x = 0, .ofs_y = 0},
    {.bitmap_index = 10885, .adv_w = 178, .box_w = 11, .box_h = 14, .ofs_x = 1, .ofs_y = 0},
    {.bitmap_index = 10962, .adv_w = 140, .box_w = 10, .box_h = 11, .ofs_x = 0, .ofs_y = 0},
    {.bitmap_index = 11017, .adv_w = 178, .box_w = 11, .box_h = 14, .ofs_x = 1, .ofs_y = 0},
    {.bitmap_index = 11094, .adv_w = 140, .box_w = 10, .box_h = 11, .ofs_x = 0, .ofs_y = 0},
    {.bitmap_index = 11149, .adv_w = 178, .box_w = 11, .box_h = 16, .ofs_x = 1, .ofs_y = -3},
    {.bitmap_index = 11237, .adv_w = 140, .box_w = 10, .box_h = 13, .ofs_x = 0, .ofs_y = -3},
    {.bitmap_index = 11302, .adv_w = 157, .box_w = 10, .box_h = 14, .ofs_x = 0, .ofs_y = 0},
    {.bitmap_index = 11372, .adv_w = 125, .box_w = 8, .box_h = 14, .ofs_x = 0, .ofs_y = -3},
    {.bitmap_index = 11428, .adv_w = 157, .box_w = 10, .box_h = 14, .ofs_x = 0, .ofs_y = -3},
    {.bitmap_index = 11498, .adv_w = 125, .box_w = 8, .box_h = 11, .ofs_x = 0, .ofs_y = -3},
    {.bitmap_index = 11542, .adv_w = 157, .box_w = 10, .box_h = 14, .ofs_x = 0, .ofs_y = 0},
    {.bitmap_index = 11612, .adv_w = 125, .box_w = 8, .box_h = 14, .ofs_x = 0, .ofs_y = -3},
    {.bitmap_index = 11668, .adv_w = 157, .box_w = 10, .box_h = 14, .ofs_x = 0, .ofs_y = 0},
    {.bitmap_index = 11738, .adv_w = 125, .box_w = 8, .box_h = 14, .ofs_x = 0, .ofs_y = -3}
};

/*---------------------
 *  CHARACTER MAPPING
 *--------------------*/

static const uint16_t unicode_list_1[] = {
    0x0, 0x1, 0x2, 0x3, 0x8, 0x9, 0xa, 0xc,
    0xd, 0x12, 0x13, 0x14, 0x15, 0x19, 0x1a, 0x1d,
    0x20, 0x21, 0x22, 0x23, 0x28, 0x29, 0x2a, 0x2c,
    0x2d, 0x32, 0x33, 0x34, 0x35, 0x39, 0x3a, 0x3d,
    0x42, 0x43, 0x50, 0x51, 0x68, 0x69, 0xa8, 0xa9,
    0xe0, 0xe1, 0xef, 0xf0
};

/*Collect the unicode lists and glyph_id offsets*/
static const lv_font_fmt_txt_cmap_t cmaps[] =
{
    {
        .range_start = 32, .range_length = 95, .glyph_id_start = 1,
        .unicode_list = NULL, .glyph_id_ofs_list = NULL, .list_length = 0, .type = LV_FONT_FMT_TXT_CMAP_FORMAT0_TINY
    },
    {
        .range_start = 192, .range_length = 241, .glyph_id_start = 96,
        .unicode_list = unicode_list_1, .glyph_id_ofs_list = NULL, .list_length = 44, .type = LV_FONT_FMT_TXT_CMAP_SPARSE_TINY
    },
    {
        .range_start = 7840, .range_length = 90, .glyph_id_start = 140,
        .unicode_list = NULL, .glyph_id_ofs_list = NULL, .list_length = 0, .type = LV_FONT_FMT_TXT_CMAP_FORMAT0_TINY
    }
};



/*--------------------
 *  ALL CUSTOM DATA
 *--------------------*/

#if LVGL_VERSION_MAJOR == 8
/*Store all the custom data of the font*/
static  lv_font_fmt_txt_glyph_cache_t cache;
#endif

#if LVGL_VERSION_MAJOR >= 8
static const lv_font_fmt_txt_dsc_t font_dsc = {
#else
static lv_font_fmt_txt_dsc_t font_dsc = {
#endif
    .glyph_bitmap = glyph_bitmap,
    .glyph_dsc = glyph_dsc,
    .cmaps = cmaps,
    .kern_dsc = NULL,
    .kern_scale = 0,
    .cmap_num = 3,
    .bpp = 4,
    .kern_classes = 0,
    .bitmap_format = 0,
#if LVGL_VERSION_MAJOR == 8
    .cache = &cache
#endif
};



/*-----------------
 *  PUBLIC FONT
 *----------------*/

/*Initialize a public general font descriptor*/
#if LVGL_VERSION_MAJOR >= 8
const lv_font_t ui_font_SFProT16 = {
#else
lv_font_t ui_font_SFProT16 = {
#endif
    .get_glyph_dsc = lv_font_get_glyph_dsc_fmt_txt,    /*Function pointer to get glyph's data*/
    .get_glyph_bitmap = lv_font_get_bitmap_fmt_txt,    /*Function pointer to get glyph's bitmap*/
    .line_height = 18,          /*The maximum line height required by the font*/
    .base_line = 3,             /*Baseline measured from the bottom of the line*/
#if !(LVGL_VERSION_MAJOR == 6 && LVGL_VERSION_MINOR == 0)
    .subpx = LV_FONT_SUBPX_NONE,
#endif
#if LV_VERSION_CHECK(7, 4, 0) || LVGL_VERSION_MAJOR >= 8
    .underline_position = -2,
    .underline_thickness = 1,
#endif
    .dsc = &font_dsc,          /*The custom font data. Will be accessed by `get_glyph_bitmap/dsc` */
#if LV_VERSION_CHECK(8, 2, 0) || LVGL_VERSION_MAJOR >= 9
    .fallback = NULL,
#endif
    .user_data = NULL,
};



#endif /*#if UI_FONT_SFPROT16*/

